{
  "minecraft:recipes/building_blocks/lime_concrete_powder": {
    "criteria": {
      "has_sand": "2025-05-21 11:02:39 +0200"
    },
    "done": true
  },
  "minecraft:recipes/decorations/red_shulker_box": {
    "criteria": {
      "has_shulker_box": "2025-05-21 11:02:39 +0200"
    },
    "done": true
  },
  "minecraft:recipes/misc/popped_chorus_fruit": {
    "criteria": {
      "has_chorus_fruit": "2025-05-21 11:02:39 +0200"
    },
    "done": true
  },
  "minecraft:recipes/building_blocks/smooth_sandstone_stairs_from_smooth_sandstone_stonecutting": {
    "criteria": {
      "has_smooth_sandstone": "2025-05-21 11:02:39 +0200"
    },
    "done": true
  },
  "minecraft:recipes/building_blocks/light_gray_concrete_powder": {
    "criteria": {
      "has_sand": "2025-05-21 11:02:39 +0200"
    },
    "done": true
  },
  "minecraft:recipes/building_blocks/pink_concrete_powder": {
    "criteria": {
      "has_sand": "2025-05-21 11:02:39 +0200"
    },
    "done": true
  },
  "minecraft:recipes/decorations/yellow_shulker_box": {
    "criteria": {
      "has_shulker_box": "2025-05-21 11:02:39 +0200"
    },
    "done": true
  },
  "minecraft:recipes/combat/diamond_leggings": {
    "criteria": {
      "has_diamond": "2025-05-21 11:02:39 +0200"
    },
    "done": true
  },
  "minecraft:recipes/decorations/gray_shulker_box": {
    "criteria": {
      "has_shulker_box": "2025-05-21 11:02:39 +0200"
    },
    "done": true
  },
  "minecraft:recipes/building_blocks/orange_concrete_powder": {
    "criteria": {
      "has_sand": "2025-05-21 11:02:39 +0200"
    },
    "done": true
  },
  "minecraft:recipes/decorations/lime_shulker_box": {
    "criteria": {
      "has_shulker_box": "2025-05-21 11:02:39 +0200"
    },
    "done": true
  },
  "minecraft:recipes/building_blocks/red_concrete_powder": {
    "criteria": {
      "has_sand": "2025-05-21 11:02:39 +0200"
    },
    "done": true
  },
  "minecraft:recipes/decorations/purple_shulker_box": {
    "criteria": {
      "has_shulker_box": "2025-05-21 11:02:39 +0200"
    },
    "done": true
  },
  "minecraft:recipes/misc/gold_nugget_from_smelting": {
    "criteria": {
      "has_golden_chestplate": "2025-05-21 11:02:39 +0200"
    },
    "done": true
  },
  "minecraft:recipes/decorations/pink_shulker_box": {
    "criteria": {
      "has_shulker_box": "2025-05-21 11:02:39 +0200"
    },
    "done": true
  },
  "minecraft:recipes/building_blocks/magenta_concrete_powder": {
    "criteria": {
      "has_sand": "2025-05-21 11:02:39 +0200"
    },
    "done": true
  },
  "minecraft:recipes/building_blocks/brown_concrete_powder": {
    "criteria": {
      "has_sand": "2025-05-21 11:02:39 +0200"
    },
    "done": true
  },
  "minecraft:recipes/combat/diamond_sword": {
    "criteria": {
      "has_diamond": "2025-05-21 11:02:39 +0200"
    },
    "done": true
  },
  "minecraft:recipes/decorations/jukebox": {
    "criteria": {
      "has_diamond": "2025-05-21 11:02:39 +0200"
    },
    "done": true
  },
  "minecraft:recipes/tools/flint_and_steel": {
    "criteria": {
      "has_obsidian": "2025-05-21 11:02:39 +0200"
    },
    "done": true
  },
  "minecraft:recipes/building_blocks/smooth_sandstone_slab_from_smooth_sandstone_stonecutting": {
    "criteria": {
      "has_smooth_sandstone": "2025-05-21 11:02:39 +0200"
    },
    "done": true
  },
  "minecraft:recipes/building_blocks/light_blue_concrete_powder": {
    "criteria": {
      "has_sand": "2025-05-21 11:02:39 +0200"
    },
    "done": true
  },
  "minecraft:recipes/building_blocks/glass": {
    "criteria": {
      "has_smelts_to_glass": "2025-05-21 11:02:39 +0200"
    },
    "done": true
  },
  "minecraft:recipes/combat/diamond_chestplate": {
    "criteria": {
      "has_diamond": "2025-05-21 11:02:39 +0200"
    },
    "done": true
  },
  "minecraft:recipes/building_blocks/green_concrete_powder": {
    "criteria": {
      "has_sand": "2025-05-21 11:02:39 +0200"
    },
    "done": true
  },
  "minecraft:recipes/decorations/cyan_shulker_box": {
    "criteria": {
      "has_shulker_box": "2025-05-21 11:02:39 +0200"
    },
    "done": true
  },
  "minecraft:recipes/building_blocks/smooth_sandstone_stairs": {
    "criteria": {
      "has_smooth_sandstone": "2025-05-21 11:02:39 +0200"
    },
    "done": true
  },
  "minecraft:recipes/combat/diamond_helmet": {
    "criteria": {
      "has_diamond": "2025-05-21 11:02:39 +0200"
    },
    "done": true
  },
  "minecraft:recipes/misc/gold_nugget_from_blasting": {
    "criteria": {
      "has_golden_chestplate": "2025-05-21 11:02:39 +0200"
    },
    "done": true
  },
  "minecraft:recipes/building_blocks/blue_concrete_powder": {
    "criteria": {
      "has_sand": "2025-05-21 11:02:39 +0200"
    },
    "done": true
  },
  "minecraft:recipes/decorations/white_shulker_box": {
    "criteria": {
      "has_shulker_box": "2025-05-21 11:02:39 +0200"
    },
    "done": true
  },
  "minecraft:recipes/decorations/green_shulker_box": {
    "criteria": {
      "has_shulker_box": "2025-05-21 11:02:39 +0200"
    },
    "done": true
  },
  "minecraft:story/form_obsidian": {
    "criteria": {
      "obsidian": "2025-05-21 11:02:39 +0200"
    },
    "done": true
  },
  "minecraft:recipes/building_blocks/yellow_concrete_powder": {
    "criteria": {
      "has_sand": "2025-05-21 11:02:39 +0200"
    },
    "done": true
  },
  "minecraft:recipes/decorations/crafting_table": {
    "criteria": {
      "unlock_right_away": "2025-05-21 11:02:39 +0200"
    },
    "done": true
  },
  "minecraft:recipes/decorations/chest": {
    "criteria": {
      "has_lots_of_items": "2025-05-21 11:02:39 +0200"
    },
    "done": true
  },
  "minecraft:end/elytra": {
    "criteria": {
      "elytra": "2025-05-21 11:02:39 +0200"
    },
    "done": true
  },
  "minecraft:recipes/redstone/dispenser": {
    "criteria": {
      "has_bow": "2025-05-21 11:02:39 +0200"
    },
    "done": true
  },
  "minecraft:recipes/building_blocks/sandstone": {
    "criteria": {
      "has_sand": "2025-05-21 11:02:39 +0200"
    },
    "done": true
  },
  "minecraft:recipes/building_blocks/white_concrete_powder": {
    "criteria": {
      "has_sand": "2025-05-21 11:02:39 +0200"
    },
    "done": true
  },
  "minecraft:recipes/tools/diamond_pickaxe": {
    "criteria": {
      "has_diamond": "2025-05-21 11:02:39 +0200"
    },
    "done": true
  },
  "minecraft:recipes/decorations/brown_shulker_box": {
    "criteria": {
      "has_shulker_box": "2025-05-21 11:02:39 +0200"
    },
    "done": true
  },
  "minecraft:recipes/decorations/light_blue_shulker_box": {
    "criteria": {
      "has_shulker_box": "2025-05-21 11:02:39 +0200"
    },
    "done": true
  },
  "minecraft:recipes/building_blocks/gray_concrete_powder": {
    "criteria": {
      "has_sand": "2025-05-21 11:02:39 +0200"
    },
    "done": true
  },
  "minecraft:recipes/building_blocks/black_concrete_powder": {
    "criteria": {
      "has_sand": "2025-05-21 11:02:39 +0200"
    },
    "done": true
  },
  "minecraft:recipes/building_blocks/smooth_sandstone_slab": {
    "criteria": {
      "has_smooth_sandstone": "2025-05-21 11:02:39 +0200"
    },
    "done": true
  },
  "minecraft:adventure/adventuring_time": {
    "criteria": {
      "minecraft:desert": "2025-05-21 11:02:54 +0200",
      "minecraft:river": "2025-05-21 11:02:58 +0200",
      "minecraft:savanna": "2025-05-21 11:02:40 +0200",
      "minecraft:plains": "2025-05-21 11:02:53 +0200"
    },
    "done": false
  },
  "minecraft:recipes/building_blocks/diamond_block": {
    "criteria": {
      "has_diamond": "2025-05-21 11:02:39 +0200"
    },
    "done": true
  },
  "minecraft:recipes/decorations/magenta_shulker_box": {
    "criteria": {
      "has_shulker_box": "2025-05-21 11:02:39 +0200"
    },
    "done": true
  },
  "minecraft:recipes/decorations/light_gray_shulker_box": {
    "criteria": {
      "has_shulker_box": "2025-05-21 11:02:39 +0200"
    },
    "done": true
  },
  "minecraft:recipes/building_blocks/purple_concrete_powder": {
    "criteria": {
      "has_sand": "2025-05-21 11:02:39 +0200"
    },
    "done": true
  },
  "minecraft:recipes/decorations/enchanting_table": {
    "criteria": {
      "has_obsidian": "2025-05-21 11:02:39 +0200"
    },
    "done": true
  },
  "minecraft:recipes/tools/diamond_hoe": {
    "criteria": {
      "has_diamond": "2025-05-21 11:02:39 +0200"
    },
    "done": true
  },
  "minecraft:recipes/tools/diamond_shovel": {
    "criteria": {
      "has_diamond": "2025-05-21 11:02:39 +0200"
    },
    "done": true
  },
  "minecraft:story/mine_diamond": {
    "criteria": {
      "diamond": "2025-05-21 11:02:39 +0200"
    },
    "done": true
  },
  "minecraft:recipes/building_blocks/cyan_concrete_powder": {
    "criteria": {
      "has_sand": "2025-05-21 11:02:39 +0200"
    },
    "done": true
  },
  "minecraft:recipes/decorations/blue_shulker_box": {
    "criteria": {
      "has_shulker_box": "2025-05-21 11:02:39 +0200"
    },
    "done": true
  },
  "minecraft:recipes/tools/diamond_axe": {
    "criteria": {
      "has_diamond": "2025-05-21 11:02:39 +0200"
    },
    "done": true
  },
  "minecraft:recipes/decorations/orange_shulker_box": {
    "criteria": {
      "has_shulker_box": "2025-05-21 11:02:39 +0200"
    },
    "done": true
  },
  "minecraft:nether/netherite_armor": {
    "criteria": {
      "netherite_armor": "2025-05-21 11:02:39 +0200"
    },
    "done": true
  },
  "minecraft:recipes/misc/mojang_banner_pattern": {
    "criteria": {
      "has_enchanted_golden_apple": "2025-05-21 11:02:39 +0200"
    },
    "done": true
  },
  "minecraft:recipes/decorations/black_shulker_box": {
    "criteria": {
      "has_shulker_box": "2025-05-21 11:02:39 +0200"
    },
    "done": true
  },
  "minecraft:recipes/combat/diamond_boots": {
    "criteria": {
      "has_diamond": "2025-05-21 11:02:39 +0200"
    },
    "done": true
  },
  "DataVersion": 4189
}