{"stats":{"minecraft:killed":{"minecraft:creeper":1},"minecraft:custom":{"minecraft:time_since_rest":483,"minecraft:interact_with_smithing_table":1,"minecraft:sprint_one_cm":83277,"minecraft:interact_with_furnace":1,"minecraft:inspect_dropper":1,"minecraft:open_enderchest":12,"minecraft:walk_one_cm":107474,"minecraft:interact_with_anvil":6,"minecraft:mob_kills":1,"minecraft:drop":14,"minecraft:inspect_hopper":1,"minecraft:damage_dealt":200,"minecraft:talked_to_villager":1,"minecraft:swim_one_cm":13457,"minecraft:interact_with_crafting_table":1,"minecraft:fly_one_cm":4942656,"minecraft:open_barrel":23,"minecraft:open_chest":109,"minecraft:crouch_one_cm":634,"minecraft:play_time":169108,"minecraft:open_shulker_box":44,"minecraft:deaths":1,"minecraft:sneak_time":2049,"minecraft:walk_under_water_one_cm":39144,"minecraft:interact_with_lectern":5,"minecraft:jump":403,"minecraft:leave_game":14,"minecraft:time_since_death":458,"minecraft:walk_on_water_one_cm":8350,"minecraft:total_world_time":170281,"minecraft:climb_one_cm":576,"minecraft:inspect_dispenser":1,"minecraft:horse_one_cm":288},"minecraft:used":{"minecraft:glass":24,"minecraft:sea_lantern":37,"minecraft:light_blue_shulker_box":1,"minecraft:writable_book":3,"minecraft:dark_oak_log":2,"minecraft:wither_skeleton_skull":2,"minecraft:lodestone":3,"minecraft:cracked_deepslate_bricks":8,"minecraft:armor_stand":4,"minecraft:dark_oak_sign":6,"minecraft:map":15,"minecraft:oak_sign":1,"minecraft:lectern":2,"minecraft:white_terracotta":7,"minecraft:ender_chest":1,"minecraft:stone":1,"minecraft:white_dye":5,"minecraft:glow_ink_sac":5,"minecraft:diamond_axe":3,"minecraft:stone_bricks":1,"minecraft:barrel":1,"minecraft:deepslate_bricks":51,"minecraft:bedrock":67,"minecraft:glow_item_frame":12,"minecraft:torch":3,"minecraft:glowstone":30,"minecraft:lime_terracotta":2,"minecraft:anvil":3,"minecraft:written_book":1,"minecraft:smithing_table":1,"minecraft:shulker_box":1,"minecraft:chiseled_quartz_block":4,"minecraft:egg":5,"minecraft:compass":3,"minecraft:white_concrete":6,"minecraft:end_stone":1},"minecraft:picked_up":{"minecraft:torch":1,"minecraft:light_blue_shulker_box":1,"minecraft:gunpowder":1,"minecraft:wither_skeleton_skull":1,"minecraft:shulker_box":1,"minecraft:item_frame":5,"minecraft:compass":1,"minecraft:egg":1},"minecraft:dropped":{"minecraft:deepslate_bricks":1,"minecraft:sea_lantern":1,"minecraft:gunpowder":1,"minecraft:torch":1,"minecraft:diamond":61,"minecraft:smithing_table":1,"minecraft:white_concrete":1,"minecraft:stone_bricks":1,"minecraft:wither_skeleton_skull":1,"minecraft:end_stone":1,"minecraft:vex_armor_trim_smithing_template":61,"minecraft:stick":1,"minecraft:egg":1,"minecraft:armor_stand":1},"minecraft:crafted":{"minecraft:netherite_leggings":1,"minecraft:air":0}},"DataVersion":4189}