{"stats":{"minecraft:used":{"minecraft:written_book":1},"minecraft:custom":{"minecraft:open_barrel":5,"minecraft:open_chest":16,"minecraft:time_since_rest":22364,"minecraft:inspect_hopper":4,"minecraft:leave_game":1,"minecraft:inspect_dropper":6,"minecraft:crouch_one_cm":989,"minecraft:open_shulker_box":4,"minecraft:sprint_one_cm":6411,"minecraft:play_time":22364,"minecraft:walk_on_water_one_cm":1397,"minecraft:time_since_death":22364,"minecraft:walk_one_cm":17265,"minecraft:sneak_time":1802,"minecraft:total_world_time":22364,"minecraft:walk_under_water_one_cm":2343,"minecraft:fall_one_cm":269,"minecraft:drop":1,"minecraft:fly_one_cm":1192103,"minecraft:interact_with_lectern":1,"minecraft:inspect_dispenser":1,"minecraft:jump":28},"minecraft:dropped":{"minecraft:compass":1}},"DataVersion":3700}