{"stats":{"minecraft:used":{"minecraft:torch":19,"minecraft:grass_block":64,"minecraft:carrot":3,"minecraft:potato":12,"minecraft:end_stone":1608},"minecraft:custom":{"minecraft:time_since_rest":97872,"minecraft:open_chest":6,"minecraft:crouch_one_cm":1424,"minecraft:sprint_one_cm":3085,"minecraft:play_time":97872,"minecraft:open_shulker_box":52,"minecraft:open_enderchest":2,"minecraft:damage_taken":65,"minecraft:walk_one_cm":1597305,"minecraft:sneak_time":2272,"minecraft:walk_under_water_one_cm":691,"minecraft:interact_with_lectern":1,"minecraft:jump":117,"minecraft:leave_game":2,"minecraft:walk_on_water_one_cm":3162,"minecraft:time_since_death":97872,"minecraft:climb_one_cm":2752,"minecraft:total_world_time":97872,"minecraft:fly_one_cm":1211446},"minecraft:mined":{"minecraft:potatoes":3,"minecraft:carrots":1},"minecraft:picked_up":{"minecraft:potato":12,"minecraft:carrot":3}},"DataVersion":3700}