{"stats":{"minecraft:broken":{"minecraft:stone_pickaxe":1,"minecraft:wooden_shovel":1},"minecraft:mined":{"minecraft:deepslate_redstone_ore":4,"minecraft:dark_oak_log":4,"minecraft:end_stone":2,"minecraft:short_grass":2,"minecraft:grass_block":13,"minecraft:sugar_cane":5,"minecraft:birch_planks":1,"minecraft:birch_log":8,"minecraft:iron_ore":16,"minecraft:andesite":10,"minecraft:end_rod":1,"minecraft:gravel":1,"minecraft:dirt":457,"minecraft:stone":214,"minecraft:deepslate":13},"minecraft:used":{"minecraft:netherite_sword":27,"minecraft:birch_planks":1,"minecraft:stone_shovel":88,"minecraft:stone_pickaxe":170,"minecraft:netherite_chestplate":1,"minecraft:wooden_pickaxe":15,"minecraft:black_shulker_box":1,"minecraft:wooden_shovel":59,"minecraft:sugar_cane":10,"minecraft:torch":4,"minecraft:dirt":358,"minecraft:crafting_table":1,"minecraft:netherite_helmet":1,"minecraft:end_stone":2,"minecraft:firework_rocket":70,"minecraft:gravel":1,"minecraft:cobblestone":85,"minecraft:written_book":1,"minecraft:furnace":1,"minecraft:netherite_pickaxe":75,"minecraft:enchanted_golden_apple":7,"minecraft:bone_meal":2},"minecraft:crafted":{"minecraft:wooden_shovel":1,"minecraft:stone_shovel":1,"minecraft:crafting_table":1,"minecraft:wooden_pickaxe":1,"minecraft:furnace":1,"minecraft:bone_meal":33,"minecraft:birch_planks":28,"minecraft:air":0,"minecraft:charcoal":1,"minecraft:stick":12,"minecraft:compass":4,"minecraft:iron_ingot":18,"minecraft:stone_pickaxe":2,"minecraft:dark_oak_planks":16,"minecraft:torch":4},"minecraft:picked_up":{"minecraft:birch_log":8,"minecraft:glow_ink_sac":17,"minecraft:andesite":6,"minecraft:birch_planks":1,"minecraft:filled_map":51,"minecraft:dirt":459,"minecraft:item_frame":8,"minecraft:bone":11,"minecraft:cobbled_deepslate":13,"minecraft:sugar_cane":10,"minecraft:birch_sapling":2,"minecraft:stick":3,"minecraft:raw_iron":37,"minecraft:end_stone":2,"minecraft:gravel":1,"minecraft:redstone":23,"minecraft:dark_oak_log":4,"minecraft:arrow":14,"minecraft:rotten_flesh":1,"minecraft:end_rod":1,"minecraft:totem_of_undying":2,"minecraft:cobblestone":207},"minecraft:custom":{"minecraft:interact_with_furnace":8,"minecraft:mob_kills":15,"minecraft:interact_with_crafting_table":9,"minecraft:open_barrel":11,"minecraft:interact_with_loom":1,"minecraft:open_shulker_box":19,"minecraft:interact_with_stonecutter":2,"minecraft:leave_game":3,"minecraft:time_since_death":46394,"minecraft:climb_one_cm":4555,"minecraft:damage_resisted":143,"minecraft:time_since_rest":46438,"minecraft:walk_one_cm":284658,"minecraft:sprint_one_cm":186899,"minecraft:open_enderchest":3,"minecraft:damage_taken":2862,"minecraft:damage_absorbed":220,"minecraft:damage_dealt":2450,"minecraft:swim_one_cm":78862,"minecraft:fly_one_cm":110352,"minecraft:open_chest":47,"minecraft:crouch_one_cm":7222,"minecraft:play_time":88192,"minecraft:deaths":3,"minecraft:sneak_time":3071,"minecraft:walk_under_water_one_cm":33265,"minecraft:interact_with_lectern":1,"minecraft:aviate_one_cm":2931047,"minecraft:jump":1059,"minecraft:walk_on_water_one_cm":22894,"minecraft:total_world_time":88192,"minecraft:fall_one_cm":33058,"minecraft:horse_one_cm":216},"minecraft:killed":{"minecraft:skeleton":5,"minecraft:zombie":1,"minecraft:glow_squid":8},"minecraft:killed_by":{"minecraft:zombie":1}},"DataVersion":3700}