{"stats":{"minecraft:custom":{"minecraft:jump":28,"minecraft:open_chest":7,"minecraft:time_since_rest":6405,"minecraft:interact_with_furnace":2,"minecraft:interact_with_stonecutter":1,"minecraft:leave_game":3,"minecraft:sprint_one_cm":4519,"minecraft:time_since_death":6405,"minecraft:play_time":6405,"minecraft:open_shulker_box":10,"minecraft:open_enderchest":2,"minecraft:walk_on_water_one_cm":639,"minecraft:walk_one_cm":47291,"minecraft:sneak_time":49,"minecraft:total_world_time":6475,"minecraft:walk_under_water_one_cm":81,"minecraft:swim_one_cm":1846,"minecraft:fly_one_cm":159130,"minecraft:horse_one_cm":504,"minecraft:open_barrel":10}},"DataVersion":4189}