{"stats":{"minecraft:picked_up":{"minecraft:andesite":9,"minecraft:torch":2,"minecraft:white_concrete":1,"minecraft:diorite":14,"minecraft:dirt":14,"minecraft:cobblestone":6},"minecraft:used":{"minecraft:torch":4,"minecraft:bedrock":4,"minecraft:light_blue_shulker_box":1,"minecraft:bow":1,"minecraft:end_crystal":35,"minecraft:white_concrete":5,"minecraft:enchanted_golden_apple":1,"minecraft:obsidian":2},"minecraft:custom":{"minecraft:time_since_rest":25042,"minecraft:open_chest":15,"minecraft:crouch_one_cm":31,"minecraft:play_one_minute":25042,"minecraft:sprint_one_cm":26405,"minecraft:inspect_dropper":6,"minecraft:open_shulker_box":5,"minecraft:open_enderchest":4,"minecraft:walk_one_cm":23898,"minecraft:sneak_time":241,"minecraft:walk_under_water_one_cm":2778,"minecraft:jump":153,"minecraft:leave_game":7,"minecraft:walk_on_water_one_cm":3401,"minecraft:time_since_death":25042,"minecraft:swim_one_cm":2209,"minecraft:interact_with_crafting_table":1,"minecraft:fly_one_cm":643702}},"DataVersion":2586}