{"stats":{"minecraft:mined":{"minecraft:dragon_wall_head":4,"minecraft:red_shulker_box":230,"minecraft:white_bed":54,"minecraft:cyan_shulker_box":50,"minecraft:light_blue_carpet":8,"minecraft:granite":5963,"minecraft:acacia_log":943,"minecraft:oak_pressure_plate":1,"minecraft:oak_wall_sign":6,"minecraft:nether_wart":16,"minecraft:spawner":64,"minecraft:polished_blackstone_bricks":6,"minecraft:magma_block":78,"minecraft:fire":29,"minecraft:barrel":4,"minecraft:cobbled_deepslate":62,"minecraft:fletching_table":1,"minecraft:deepslate_lapis_ore":19,"minecraft:nether_brick_stairs":90,"minecraft:green_carpet":70,"minecraft:pink_tulip":15,"minecraft:white_shulker_box":56,"minecraft:white_banner":3,"minecraft:player_head":1,"minecraft:tripwire":3,"minecraft:orange_bed":11,"minecraft:cut_sandstone":24,"minecraft:kelp_plant":293,"minecraft:crimson_nylium":43,"minecraft:torch":295,"minecraft:melon":37,"minecraft:dead_bush":1,"minecraft:nether_brick_slab":7,"minecraft:smooth_quartz_slab":13,"minecraft:lime_shulker_box":41,"minecraft:sugar_cane":246,"minecraft:bricks":42,"minecraft:white_terracotta":14,"minecraft:repeater":18,"minecraft:purple_banner":2,"minecraft:dark_oak_sapling":2,"minecraft:smooth_quartz":100,"minecraft:sandstone_wall":1,"minecraft:deepslate":19427,"minecraft:dark_prismarine":135,"minecraft:brown_concrete":106,"minecraft:mossy_cobblestone":8,"minecraft:dark_oak_log":1567,"minecraft:sea_lantern":29,"minecraft:end_stone":4543,"minecraft:spruce_fence":1,"minecraft:redstone_wire":61,"minecraft:cartography_table":3,"minecraft:red_mushroom":2,"minecraft:redstone_ore":401,"minecraft:acacia_trapdoor":1,"minecraft:andesite":6792,"minecraft:big_dripleaf_stem":1,"minecraft:vine":67,"minecraft:rail":158,"minecraft:ender_chest":954,"minecraft:oak_slab":17,"minecraft:redstone_block":7,"minecraft:glass_pane":2,"minecraft:soul_sand":34,"minecraft:lily_of_the_valley":12,"minecraft:dandelion":29,"minecraft:cornflower":22,"minecraft:warped_roots":2,"minecraft:campfire":4,"minecraft:tall_grass":49,"minecraft:copper_ore":77,"minecraft:deepslate_gold_ore":47,"minecraft:diorite":6918,"minecraft:warped_wart_block":69,"minecraft:coarse_dirt":7,"minecraft:light_blue_bed":1,"minecraft:cobblestone_wall":5,"minecraft:stripped_spruce_wood":25,"minecraft:dark_oak_wall_sign":5,"minecraft:dark_prismarine_slab":7,"minecraft:sunflower":7,"minecraft:gravel":2519,"minecraft:cobweb":17,"minecraft:birch_sign":1,"minecraft:stone_bricks":898,"minecraft:chipped_anvil":1,"minecraft:gold_ore":153,"minecraft:fern":18,"minecraft:stone_pressure_plate":48,"minecraft:oak_sapling":3,"minecraft:farmland":9,"minecraft:andesite_stairs":7,"minecraft:orange_wool":12,"minecraft:brewing_stand":2,"minecraft:spruce_trapdoor":15,"minecraft:cracked_polished_blackstone_bricks":5,"minecraft:white_concrete":56,"minecraft:polished_diorite":7,"minecraft:composter":1,"minecraft:frosted_ice":8,"minecraft:gilded_blackstone":1,"minecraft:turtle_egg":2,"minecraft:brown_bed":2,"minecraft:red_tulip":1,"minecraft:flowering_azalea_leaves":1,"minecraft:iron_bars":11,"minecraft:azalea":2,"minecraft:spruce_slab":8,"minecraft:netherite_block":51,"minecraft:deepslate_redstone_ore":52,"minecraft:brown_shulker_box":87,"minecraft:quartz_block":8,"minecraft:orange_terracotta":3,"minecraft:light_gray_terracotta":1,"minecraft:beacon":9,"minecraft:nether_quartz_ore":166,"minecraft:wither_skeleton_wall_skull":2,"minecraft:oak_planks":44,"minecraft:wall_torch":63,"minecraft:petrified_oak_slab":3,"minecraft:stone_stairs":2,"minecraft:light_blue_terracotta":7,"minecraft:warped_nylium":11,"minecraft:blue_terracotta":8,"minecraft:powered_rail":28,"minecraft:dark_oak_slab":3,"minecraft:tnt":151,"minecraft:smooth_stone_slab":30,"minecraft:oak_log":1268,"minecraft:beetroots":5,"minecraft:dirt":14915,"minecraft:ancient_debris":223,"minecraft:crying_obsidian":23,"minecraft:dark_oak_leaves":58,"minecraft:lever":2,"minecraft:ladder":14,"minecraft:spruce_leaves":89,"minecraft:crimson_stem":16,"minecraft:hay_block":1,"minecraft:light_gray_shulker_box":174,"minecraft:orange_stained_glass_pane":4,"minecraft:gold_block":164,"minecraft:nether_brick_fence":11,"minecraft:bookshelf":27,"minecraft:deepslate_iron_ore":29,"minecraft:shroomlight":1,"minecraft:stripped_oak_log":19,"minecraft:wet_sponge":1102,"minecraft:acacia_leaves":471,"minecraft:scaffolding":63,"minecraft:stripped_dark_oak_log":243,"minecraft:basalt":651,"minecraft:polished_granite":3,"minecraft:oak_fence":3,"minecraft:stone_slab":9,"minecraft:deepslate_coal_ore":8,"minecraft:red_concrete":30,"minecraft:polished_blackstone_brick_stairs":1,"minecraft:prismarine_bricks":2884,"minecraft:birch_planks":3,"minecraft:ice":5,"minecraft:black_wall_banner":1,"minecraft:white_wall_banner":2,"minecraft:bee_nest":3,"minecraft:cocoa":4,"minecraft:cherry_leaves":14,"minecraft:cyan_carpet":50,"minecraft:purple_shulker_box":82,"minecraft:cracked_stone_bricks":5,"minecraft:stripped_acacia_wood":9,"minecraft:mossy_stone_bricks":6,"minecraft:jungle_wall_sign":3,"minecraft:dark_oak_planks":304,"minecraft:dark_prismarine_stairs":163,"minecraft:cherry_log":10,"minecraft:jungle_leaves":203,"minecraft:obsidian":3664,"minecraft:stone_brick_wall":9,"minecraft:jungle_log":477,"minecraft:crimson_fungus":6,"minecraft:hopper":86,"minecraft:oxeye_daisy":14,"minecraft:chiseled_stone_bricks":68,"minecraft:light_blue_stained_glass":2,"minecraft:tall_seagrass":10,"minecraft:sticky_piston":7,"minecraft:pumpkin":3,"minecraft:stripped_dark_oak_wood":22,"minecraft:enchanting_table":2,"minecraft:cave_vines":1,"minecraft:oak_sign":3,"minecraft:dirt_path":81,"minecraft:oak_stairs":39,"minecraft:stripped_bamboo_block":2,"minecraft:iron_block":30,"minecraft:red_bed":20,"minecraft:blast_furnace":1,"minecraft:polished_diorite_slab":27,"minecraft:glass":19,"minecraft:damaged_anvil":1,"minecraft:polished_diorite_stairs":16,"minecraft:wheat":85,"minecraft:warped_fungus":21,"minecraft:black_bed":5,"minecraft:stone_brick_stairs":46,"minecraft:prismarine_brick_stairs":67,"minecraft:loom":2,"minecraft:blue_shulker_box":58,"minecraft:red_mushroom_block":1162,"minecraft:stonecutter":17,"minecraft:piston":36,"minecraft:yellow_terracotta":1,"minecraft:pink_shulker_box":7,"minecraft:blue_stained_glass_pane":2,"minecraft:shulker_box":339,"minecraft:nether_bricks":157,"minecraft:allium":2,"minecraft:jungle_planks":24,"minecraft:crimson_roots":6,"minecraft:orange_shulker_box":24,"minecraft:moss_block":3,"minecraft:kelp":126,"minecraft:jungle_sapling":2,"minecraft:snow":1,"minecraft:acacia_wood":7,"minecraft:warped_stem":22,"minecraft:bamboo_sapling":5,"minecraft:bamboo":459,"minecraft:white_wool":178,"minecraft:brain_coral":1,"minecraft:smithing_table":1,"minecraft:light_gray_carpet":126,"minecraft:comparator":18,"minecraft:stone_brick_slab":6,"minecraft:observer":43,"minecraft:jungle_sign":12,"minecraft:smooth_sandstone":4,"minecraft:short_grass":812,"minecraft:emerald_ore":3,"minecraft:sponge":333,"minecraft:dropper":2,"minecraft:big_dripleaf":2,"minecraft:prismarine_brick_slab":41,"minecraft:white_carpet":53,"minecraft:spruce_log":555,"minecraft:birch_leaves":48,"minecraft:red_wall_banner":1,"minecraft:mycelium":390,"minecraft:acacia_door":2,"minecraft:acacia_planks":8,"minecraft:infested_stone":1,"minecraft:black_shulker_box":97,"minecraft:spruce_planks":75,"minecraft:cobblestone_stairs":28,"minecraft:grass_block":8952,"minecraft:soul_soil":2,"minecraft:mud_bricks":1,"minecraft:sandstone_stairs":12,"minecraft:smooth_stone":16,"minecraft:glowstone":17,"minecraft:iron_ore":1544,"minecraft:black_carpet":47,"minecraft:anvil":5,"minecraft:azure_bluet":28,"minecraft:dark_oak_stairs":337,"minecraft:birch_wall_sign":1,"minecraft:azalea_leaves":4,"minecraft:end_stone_bricks":47,"minecraft:polished_granite_stairs":21,"minecraft:blue_banner":2,"minecraft:blackstone":497,"minecraft:clay":81,"minecraft:poppy":31,"minecraft:chest":125,"minecraft:mushroom_stem":147,"minecraft:cobblestone":11400,"minecraft:slime_block":12,"minecraft:grindstone":2,"minecraft:prismarine":685,"minecraft:iron_door":2,"minecraft:deepslate_copper_ore":18,"minecraft:pink_petals":2,"minecraft:seagrass":44,"minecraft:acacia_sapling":16,"minecraft:dark_oak_door":1,"minecraft:nether_wart_block":3,"minecraft:yellow_wool":6,"minecraft:birch_log":332,"minecraft:orange_tulip":30,"minecraft:purpur_block":2,"minecraft:acacia_fence":2,"minecraft:sand":2873,"minecraft:wither_skeleton_skull":1,"minecraft:tripwire_hook":1,"minecraft:netherrack":22186,"minecraft:oak_leaves":609,"minecraft:emerald_block":236,"minecraft:nether_gold_ore":240,"minecraft:diamond_ore":107,"minecraft:red_carpet":1,"minecraft:tuff":2311,"minecraft:deepslate_diamond_ore":17,"minecraft:oak_door":6,"minecraft:gray_shulker_box":77,"minecraft:white_stained_glass":23,"minecraft:sandstone":278,"minecraft:rooted_dirt":58,"minecraft:large_fern":14,"minecraft:spore_blossom":2,"minecraft:oak_trapdoor":1,"minecraft:spruce_sapling":7,"minecraft:furnace":11,"minecraft:carrots":61,"minecraft:acacia_stairs":5,"minecraft:dark_oak_fence_gate":5,"minecraft:stripped_spruce_log":10,"minecraft:black_concrete":41,"minecraft:bell":6,"minecraft:polished_deepslate":7,"minecraft:lantern":3,"minecraft:stripped_acacia_log":66,"minecraft:packed_ice":11,"minecraft:chorus_plant":6,"minecraft:stone":113815,"minecraft:white_tulip":33,"minecraft:yellow_shulker_box":105,"minecraft:redstone_wall_torch":8,"minecraft:podzol":2,"minecraft:light_blue_shulker_box":139,"minecraft:flowering_azalea":2,"minecraft:red_banner":1,"minecraft:spruce_door":7,"minecraft:crafting_table":27,"minecraft:blackstone_slab":1,"minecraft:andesite_slab":6,"minecraft:lectern":271,"minecraft:andesite_wall":1,"minecraft:lapis_ore":68,"minecraft:lily_pad":2,"minecraft:spruce_stairs":39,"minecraft:lime_bed":1,"minecraft:cactus":7,"minecraft:green_shulker_box":49,"minecraft:acacia_fence_gate":2,"minecraft:redstone_torch":20,"minecraft:sweet_berry_bush":3,"minecraft:yellow_bed":5,"minecraft:coal_ore":3203,"minecraft:end_rod":2,"minecraft:gray_carpet":92,"minecraft:terracotta":2,"minecraft:polished_andesite":732,"minecraft:acacia_wall_sign":1},"minecraft:killed":{"minecraft:cod":32,"minecraft:guardian":242,"minecraft:tropical_fish":7,"minecraft:parrot":7,"minecraft:elder_guardian":3,"minecraft:salmon":7,"minecraft:iron_golem":2,"minecraft:ender_dragon":4,"minecraft:pillager":59,"minecraft:donkey":3,"minecraft:zombie":1137,"minecraft:evoker":5,"minecraft:vindicator":18,"minecraft:husk":5,"minecraft:rabbit":4,"minecraft:ravager":4,"minecraft:polar_bear":1,"minecraft:zombified_piglin":5,"minecraft:witch":19,"minecraft:spider":291,"minecraft:wither":282,"minecraft:silverfish":26,"minecraft:piglin":50,"minecraft:zombie_villager":28,"minecraft:sheep":81,"minecraft:trader_llama":45,"minecraft:ghast":7,"minecraft:vex":3,"minecraft:slime":2627,"minecraft:drowned":164,"minecraft:hoglin":15,"minecraft:squid":20,"minecraft:wither_skeleton":24,"minecraft:villager":5,"minecraft:cave_spider":3,"minecraft:dolphin":4,"minecraft:shulker":15,"minecraft:pufferfish":1,"minecraft:skeleton":639,"minecraft:chicken":15,"minecraft:magma_cube":82,"minecraft:glow_squid":2,"minecraft:cow":68,"minecraft:horse":17,"minecraft:ocelot":3,"minecraft:wandering_trader":21,"minecraft:enderman":127,"minecraft:turtle":1,"minecraft:pig":200,"minecraft:strider":4,"minecraft:creeper":433,"minecraft:stray":5,"minecraft:blaze":56,"minecraft:phantom":288,"minecraft:llama":3,"minecraft:bat":37},"minecraft:custom":{"minecraft:interact_with_crafting_table":699,"minecraft:play_time":23311902,"minecraft:deaths":66,"minecraft:jump":205117,"minecraft:play_record":5,"minecraft:interact_with_cartography_table":24,"minecraft:interact_with_smoker":13,"minecraft:inspect_dispenser":61,"minecraft:horse_one_cm":5030225,"minecraft:inspect_dropper":67,"minecraft:interact_with_anvil":496,"minecraft:inspect_hopper":1277,"minecraft:tune_noteblock":27832,"minecraft:time_since_rest":38405,"minecraft:swim_one_cm":2059508,"minecraft:open_chest":11998,"minecraft:open_shulker_box":12224,"minecraft:damage_resisted":44147,"minecraft:talked_to_villager":308,"minecraft:interact_with_brewingstand":23,"minecraft:interact_with_beacon":84,"minecraft:raid_win":1,"minecraft:boat_one_cm":1535737,"minecraft:damage_taken":140338,"minecraft:aviate_one_cm":368975943,"minecraft:open_barrel":680,"minecraft:bell_ring":96,"minecraft:eat_cake_slice":17,"minecraft:leave_game":1511,"minecraft:time_since_death":895668,"minecraft:enchant_item":50,"minecraft:interact_with_furnace":734,"minecraft:traded_with_villager":19,"minecraft:sleep_in_bed":427,"minecraft:damage_dealt":1607425,"minecraft:interact_with_smithing_table":70,"minecraft:damage_dealt_absorbed":8405,"minecraft:sneak_time":781861,"minecraft:interact_with_lectern":16,"minecraft:interact_with_blast_furnace":48,"minecraft:total_world_time":5359904,"minecraft:interact_with_stonecutter":158,"minecraft:fly_one_cm":191473232,"minecraft:fish_caught":462,"minecraft:fall_one_cm":8258063,"minecraft:animals_bred":10,"minecraft:sprint_one_cm":30318752,"minecraft:drop":3402,"minecraft:walk_on_water_one_cm":2351348,"minecraft:interact_with_loom":49,"minecraft:open_enderchest":1862,"minecraft:player_kills":12,"minecraft:crouch_one_cm":2131922,"minecraft:mob_kills":7654,"minecraft:climb_one_cm":960093,"minecraft:walk_one_cm":111048055,"minecraft:walk_under_water_one_cm":35680491,"minecraft:raid_trigger":1,"minecraft:interact_with_grindstone":93,"minecraft:damage_absorbed":35165,"minecraft:trigger_trapped_chest":1},"minecraft:used":{"minecraft:writable_book":24,"minecraft:polished_granite_stairs":21,"minecraft:chiseled_deepslate":1,"minecraft:dispenser":9,"minecraft:poppy":1,"minecraft:black_carpet":1376,"minecraft:stone":15894,"minecraft:warped_sign":21,"minecraft:farmland":27,"minecraft:rotten_flesh":15,"minecraft:soul_sand":622,"minecraft:lily_of_the_valley":4,"minecraft:cut_copper":1,"minecraft:cracked_deepslate_tiles":1,"minecraft:deepslate_brick_slab":1,"minecraft:snowball":13,"minecraft:azure_bluet":1,"minecraft:weeping_vines":6,"minecraft:spruce_boat":3,"minecraft:polished_blackstone_slab":11,"minecraft:jungle_sapling":24,"minecraft:packed_ice":4,"minecraft:stripped_dark_oak_wood":6,"minecraft:lava_bucket":1088,"minecraft:quartz_pillar":16,"minecraft:villager_spawn_egg":5,"minecraft:deepslate_copper_ore":1,"minecraft:quartz_block":130,"minecraft:netherite_hoe":420,"minecraft:dark_oak_slab":29,"minecraft:netherite_boots":1,"minecraft:bow":2792,"minecraft:oak_sapling":127,"minecraft:cooked_cod":40,"minecraft:acacia_fence":55,"minecraft:dark_prismarine_stairs":427,"minecraft:damaged_anvil":1,"minecraft:chorus_fruit":7,"minecraft:prismarine":1,"minecraft:blackstone":449,"minecraft:cactus":2,"minecraft:wooden_pickaxe":111,"minecraft:clay":10,"minecraft:glow_berries":1,"minecraft:cut_sandstone_slab":16,"minecraft:blast_furnace":4,"minecraft:acacia_leaves":252,"minecraft:chiseled_quartz_block":10,"minecraft:deepslate_brick_stairs":1,"minecraft:deepslate_iron_ore":2,"minecraft:oak_pressure_plate":3,"minecraft:flowering_azalea_leaves":1,"minecraft:diamond_sword":5785,"minecraft:smithing_table":6,"minecraft:birch_log":12,"minecraft:oak_boat":3,"minecraft:compass":5,"minecraft:oak_trapdoor":2,"minecraft:stripped_acacia_wood":9,"minecraft:enchanting_table":4,"minecraft:armor_stand":6,"minecraft:light_gray_carpet":4189,"minecraft:tinted_glass":1,"minecraft:cooked_salmon":21,"minecraft:torch":3216,"minecraft:brewing_stand":3,"minecraft:nether_quartz_ore":48,"minecraft:sea_lantern":124,"minecraft:chipped_anvil":1,"minecraft:iron_block":83,"minecraft:jungle_log":30,"minecraft:barrel":31,"minecraft:bamboo":121,"minecraft:basalt":106,"minecraft:warped_stairs":50,"minecraft:trapped_chest":1,"minecraft:acacia_planks":19,"minecraft:deepslate_emerald_ore":1,"minecraft:calcite":34,"minecraft:wheat_seeds":263,"minecraft:warped_stem":1,"minecraft:light_blue_shulker_box":161,"minecraft:birch_planks":70,"minecraft:spruce_fence_gate":1,"minecraft:gold_ore":161,"minecraft:deepslate_bricks":3,"minecraft:conduit":1,"minecraft:polished_deepslate_slab":1,"minecraft:diamond_block":65,"minecraft:rail":248,"minecraft:red_bed":22,"minecraft:white_bed":46,"minecraft:campfire":4,"minecraft:spruce_log":96,"minecraft:blue_stained_glass_pane":2,"minecraft:diamond_pickaxe":36425,"minecraft:diamond_shovel":9115,"minecraft:acacia_sign":23,"minecraft:spruce_sapling":49,"minecraft:green_carpet":2481,"minecraft:potion":18,"minecraft:azalea_leaves":1,"minecraft:cooked_porkchop":505,"minecraft:andesite_stairs":23,"minecraft:stripped_oak_log":8,"minecraft:dandelion":2,"minecraft:cherry_sapling":1,"minecraft:blue_terracotta":124,"minecraft:polished_deepslate":51,"minecraft:bone_block":15,"minecraft:polished_basalt":48,"minecraft:axolotl_spawn_egg":172,"minecraft:jungle_planks":671,"minecraft:music_disc_13":1,"minecraft:obsidian":34925,"minecraft:spruce_wood":33,"minecraft:lantern":53,"minecraft:warped_nylium":24,"minecraft:light_blue_bed":1,"minecraft:raw_gold_block":1,"minecraft:item_frame":153,"minecraft:deepslate_diamond_ore":1,"minecraft:golden_sword":10,"minecraft:written_book":9,"minecraft:blue_shulker_box":76,"minecraft:gold_block":419,"minecraft:dark_oak_sapling":11,"minecraft:dropper":58,"minecraft:wither_skeleton_skull":485,"minecraft:stripped_acacia_log":95,"minecraft:gray_carpet":4451,"minecraft:stone_pickaxe":920,"minecraft:oak_planks":492,"minecraft:polished_diorite_slab":542,"minecraft:sandstone":502,"minecraft:sugar_cane":72,"minecraft:diamond_axe":6512,"minecraft:white_wool":194,"minecraft:crossbow":1,"minecraft:ochre_froglight":1,"minecraft:deepslate_lapis_ore":1,"minecraft:end_stone":306,"minecraft:creeper_spawn_egg":22,"minecraft:sticky_piston":17,"minecraft:black_terracotta":24,"minecraft:lever":5,"minecraft:dark_oak_log":1461,"minecraft:bread":8,"minecraft:warped_slab":21,"minecraft:iron_door":12,"minecraft:deepslate":380,"minecraft:cooked_rabbit":5,"minecraft:chain":13,"minecraft:smooth_stone_slab":327,"minecraft:coarse_dirt":23,"minecraft:bone_meal":553,"minecraft:netherite_sword":6364,"minecraft:rose_bush":1,"minecraft:white_tulip":4,"minecraft:flint_and_steel":1676,"minecraft:redstone":410,"minecraft:dried_kelp":29,"minecraft:ender_chest":993,"minecraft:brown_shulker_box":121,"minecraft:deepslate_gold_ore":89,"minecraft:stone_hoe":1,"minecraft:dirt":8643,"minecraft:prismarine_bricks":452,"minecraft:bee_nest":2,"minecraft:spruce_fence":54,"minecraft:iron_hoe":10,"minecraft:wooden_axe":6,"minecraft:oak_stairs":209,"minecraft:crimson_slab":12,"minecraft:dark_oak_pressure_plate":3,"minecraft:netherite_pickaxe":177623,"minecraft:minecart":7,"minecraft:cooked_beef":718,"minecraft:enchanted_golden_apple":519,"minecraft:quartz_bricks":161,"minecraft:cobblestone_stairs":324,"minecraft:lodestone":6,"minecraft:baked_potato":2,"minecraft:birch_boat":10,"minecraft:cut_sandstone":171,"minecraft:spruce_sign":45,"minecraft:llama_spawn_egg":49,"minecraft:warped_roots":1,"minecraft:music_disc_cat":3,"minecraft:dark_prismarine_slab":144,"minecraft:red_mushroom":60,"minecraft:bamboo_block":2,"minecraft:warped_planks":51,"minecraft:netherite_block":24846,"minecraft:piston":30,"minecraft:wooden_hoe":9,"minecraft:flower_pot":1,"minecraft:stone_slab":37,"minecraft:golden_leggings":2,"minecraft:yellow_wool":6,"minecraft:stone_axe":121,"minecraft:crimson_fungus":2,"minecraft:end_crystal":263,"minecraft:cobbled_deepslate_slab":1,"minecraft:pink_shulker_box":11,"minecraft:wither_rose":5,"minecraft:sea_pickle":22,"minecraft:peony":32,"minecraft:polished_blackstone":3,"minecraft:spruce_slab":112,"minecraft:elytra":459,"minecraft:ladder":387,"minecraft:chest":1428,"minecraft:brown_concrete":387,"minecraft:white_shulker_box":69,"minecraft:skeleton_spawn_egg":1,"minecraft:orange_wool":12,"minecraft:acacia_sapling":118,"minecraft:stripped_spruce_log":6,"minecraft:honey_block":11,"minecraft:netherite_shovel":18271,"minecraft:grass_block":1129,"minecraft:birch_sapling":10,"minecraft:orange_shulker_box":32,"minecraft:copper_ore":1,"minecraft:wet_sponge":1,"minecraft:stone_brick_stairs":347,"minecraft:blue_banner":6,"minecraft:dark_oak_boat":1,"minecraft:furnace":56,"minecraft:egg":3775,"minecraft:dragon_head":3,"minecraft:dead_brain_coral_fan":6,"minecraft:brown_concrete_powder":24,"minecraft:light_blue_carpet":121,"minecraft:diorite":428,"minecraft:end_stone_bricks":273,"minecraft:cut_copper_slab":1,"minecraft:acacia_trapdoor":20,"minecraft:powered_rail":46,"minecraft:orange_tulip":6,"minecraft:oak_leaves":3,"minecraft:respawn_anchor":21,"minecraft:dark_oak_trapdoor":30,"minecraft:sand":1774,"minecraft:black_concrete_powder":8,"minecraft:deepslate_tiles":1,"minecraft:crying_obsidian":9,"minecraft:stone_button":4,"minecraft:cyan_carpet":2172,"minecraft:spore_blossom":6,"minecraft:lectern":272,"minecraft:polished_granite":623,"minecraft:diamond_ore":1,"minecraft:polished_andesite_slab":80,"minecraft:soul_lantern":23,"minecraft:dark_oak_fence":3,"minecraft:white_stained_glass":151,"minecraft:iron_bars":30,"minecraft:acacia_log":1245,"minecraft:red_concrete":434,"minecraft:mycelium":59,"minecraft:netherrack":2028,"minecraft:orange_bed":10,"minecraft:light_gray_shulker_box":231,"minecraft:anvil":117,"minecraft:warped_wart_block":2,"minecraft:ancient_debris":87,"minecraft:twisting_vines":6,"minecraft:stone_stairs":2,"minecraft:nether_brick_slab":180,"minecraft:nether_brick_stairs":233,"minecraft:polished_diorite":563,"minecraft:shroomlight":125,"minecraft:red_shulker_box":285,"minecraft:flowering_azalea":6,"minecraft:cyan_shulker_box":72,"minecraft:iron_axe":129,"minecraft:slime_block":41,"minecraft:spawner":40,"minecraft:chicken_spawn_egg":90,"minecraft:totem_of_undying":26,"minecraft:melon_seeds":171,"minecraft:tripwire_hook":1,"minecraft:glowstone":13,"minecraft:raw_copper_block":2,"minecraft:gray_glazed_terracotta":1,"minecraft:iron_trapdoor":4,"minecraft:acacia_wood":77,"minecraft:cobbled_deepslate":231,"minecraft:orange_terracotta":1,"minecraft:observer":42,"minecraft:pointed_dripstone":26,"minecraft:water_bucket":770,"minecraft:sandstone_stairs":146,"minecraft:prismarine_brick_slab":221,"minecraft:yellow_shulker_box":144,"minecraft:cartography_table":4,"minecraft:horse_spawn_egg":4,"minecraft:polished_blackstone_bricks":4,"minecraft:gilded_blackstone":13,"minecraft:mossy_cobblestone":1,"minecraft:comparator":163,"minecraft:vine":29,"minecraft:tnt":36266,"minecraft:crafting_table":84,"minecraft:oak_slab":459,"minecraft:birch_sign":17,"minecraft:cod":4,"minecraft:dark_oak_fence_gate":84,"minecraft:lime_shulker_box":54,"minecraft:cake":43,"minecraft:bat_spawn_egg":3,"minecraft:oak_log":160,"minecraft:dark_prismarine":160,"minecraft:ender_eye":61,"minecraft:cornflower":7,"minecraft:oxeye_daisy":3,"minecraft:sunflower":9,"minecraft:iron_pickaxe":1858,"minecraft:music_disc_blocks":1,"minecraft:crimson_nylium":21,"minecraft:crimson_sign":4,"minecraft:chiseled_stone_bricks":683,"minecraft:cobblestone":10670,"minecraft:red_concrete_powder":8,"minecraft:glass_pane":4,"minecraft:end_portal_frame":165,"minecraft:jukebox":2,"minecraft:candle":24,"minecraft:iron_shovel":39,"minecraft:carrot_on_a_stick":1,"minecraft:diamond_hoe":63,"minecraft:oak_sign":95,"minecraft:white_concrete_powder":8,"minecraft:white_terracotta":253,"minecraft:zombie_spawn_egg":46,"minecraft:iron_sword":87,"minecraft:purple_shulker_box":100,"minecraft:bell":3,"minecraft:player_head":48,"minecraft:mooshroom_spawn_egg":1,"minecraft:nether_bricks":278,"minecraft:prismarine_brick_stairs":862,"minecraft:carrot":161,"minecraft:deepslate_tile_slab":1,"minecraft:tuff":50,"minecraft:polished_deepslate_stairs":1,"minecraft:glass":47,"minecraft:coal_ore":41,"minecraft:iron_helmet":1,"minecraft:dark_oak_wood":16,"minecraft:crimson_roots":2,"minecraft:stone_bricks":8907,"minecraft:slime_spawn_egg":49,"minecraft:bedrock":196,"minecraft:repeater":177,"minecraft:red_carpet":3,"minecraft:warped_fungus":4,"minecraft:scaffolding":93,"minecraft:beetroot_seeds":11,"minecraft:polished_diorite_stairs":60,"minecraft:large_fern":1,"minecraft:stripped_spruce_wood":14,"minecraft:dark_oak_stairs":1652,"minecraft:dark_oak_sign":33,"minecraft:ender_pearl":45,"minecraft:redstone_block":13,"minecraft:blue_bed":2,"minecraft:yellow_terracotta":1,"minecraft:loom":6,"minecraft:black_banner":3,"minecraft:light_gray_terracotta":47,"minecraft:deepslate_redstone_ore":1,"minecraft:sponge":882,"minecraft:black_bed":19,"minecraft:note_block":4,"minecraft:dripstone_block":34,"minecraft:stone_brick_wall":182,"minecraft:cobbled_deepslate_stairs":2,"minecraft:shears":361,"minecraft:redstone_torch":244,"minecraft:black_concrete":486,"minecraft:firework_rocket":252,"minecraft:gray_shulker_box":108,"minecraft:melon_slice":83,"minecraft:string":1,"minecraft:brown_stained_glass":3,"minecraft:gravel":990,"minecraft:jungle_sign":11,"minecraft:grindstone":4,"minecraft:deepslate_coal_ore":2,"minecraft:andesite":902,"minecraft:white_concrete":1034,"minecraft:oak_fence":61,"minecraft:jungle_leaves":2,"minecraft:azalea":5,"minecraft:experience_bottle":12807,"minecraft:petrified_oak_slab":113,"minecraft:trident":103,"minecraft:cracked_deepslate_bricks":1,"minecraft:redstone_ore":2,"minecraft:stone_shovel":31,"minecraft:zombie_villager_spawn_egg":12,"minecraft:light_blue_terracotta":106,"minecraft:spruce_planks":216,"minecraft:cut_copper_stairs":1,"minecraft:oak_door":9,"minecraft:white_carpet":2093,"minecraft:hopper":725,"minecraft:spruce_stairs":10,"minecraft:cobblestone_wall":53,"minecraft:diamond_helmet":1,"minecraft:shulker_box":373,"minecraft:granite":941,"minecraft:raw_iron_block":1,"minecraft:light_blue_stained_glass":98,"minecraft:purple_banner":26,"minecraft:andesite_wall":19,"minecraft:stone_brick_slab":93,"minecraft:dark_oak_planks":954,"minecraft:bookshelf":64,"minecraft:golden_carrot":41,"minecraft:emerald_block":553,"minecraft:wolf_spawn_egg":5,"minecraft:stone_pressure_plate":124,"minecraft:brown_bed":3,"minecraft:brain_coral_block":1,"minecraft:cooked_mutton":6,"minecraft:pink_tulip":2,"minecraft:iron_ore":9,"minecraft:amethyst_block":1,"minecraft:glass_bottle":9,"minecraft:netherite_chestplate":463,"minecraft:polished_andesite":2613,"minecraft:andesite_slab":136,"minecraft:copper_block":1,"minecraft:black_shulker_box":128,"minecraft:stonecutter":24,"minecraft:beacon":143,"minecraft:cobblestone_slab":34,"minecraft:glow_item_frame":1,"minecraft:stripped_dark_oak_log":171,"minecraft:terracotta":1,"minecraft:lime_bed":1,"minecraft:smoker":1,"minecraft:dark_oak_door":5,"minecraft:acacia_stairs":8,"minecraft:apple":2,"minecraft:cracked_polished_blackstone_bricks":1,"minecraft:map":4,"minecraft:netherite_axe":2964,"minecraft:acacia_fence_gate":5,"minecraft:fishing_rod":776,"minecraft:green_shulker_box":60,"minecraft:white_banner":14,"minecraft:jungle_door":1,"minecraft:red_banner":1,"minecraft:bucket":308,"minecraft:yellow_bed":4,"minecraft:smooth_stone":999,"minecraft:splash_potion":128,"minecraft:soul_torch":29},"minecraft:killed_by":{"minecraft:zombie":9,"minecraft:wither":2,"minecraft:drowned":3,"minecraft:skeleton":4,"minecraft:ender_dragon":1,"minecraft:player":1},"minecraft:picked_up":{"minecraft:smithing_table":1,"minecraft:lead":32,"minecraft:stone_slab":9,"minecraft:enchanted_book":140,"minecraft:purple_shulker_box":95,"minecraft:polished_deepslate":9,"minecraft:music_disc_cat":4,"minecraft:string":454,"minecraft:pufferfish":58,"minecraft:shroomlight":1,"minecraft:diamond_leggings":15,"minecraft:crimson_sign":4,"minecraft:diamond_ore":30,"minecraft:big_dripleaf":6,"minecraft:acacia_log":1008,"minecraft:brick_wall":32,"minecraft:end_crystal":252,"minecraft:golden_chestplate":11,"minecraft:gray_shulker_box":106,"minecraft:orange_bed":16,"minecraft:stone_sword":2,"minecraft:red_tulip":1,"minecraft:glowstone":16,"minecraft:end_rod":2,"minecraft:bookshelf":67,"minecraft:white_terracotta":34,"minecraft:blaze_rod":220,"minecraft:iron_bars":9,"minecraft:snowball":15,"minecraft:sponge":337,"minecraft:cooked_beef":269,"minecraft:feather":34,"minecraft:water_bucket":6,"minecraft:copper_block":5,"minecraft:flint":198,"minecraft:lantern":12,"minecraft:stonecutter":19,"minecraft:dark_oak_sign":9,"minecraft:diamond_helmet":15,"minecraft:rabbit":3,"minecraft:stripped_acacia_wood":9,"minecraft:stripped_spruce_log":10,"minecraft:acacia_stairs":5,"minecraft:netherite_block":1683,"minecraft:polished_andesite":685,"minecraft:blue_terracotta":7,"minecraft:deepslate":11224,"minecraft:lever":4,"minecraft:granite":6137,"minecraft:cyan_dye":1,"minecraft:blue_banner":2,"minecraft:rooted_dirt":58,"minecraft:deepslate_coal_ore":8,"minecraft:light_gray_carpet":5165,"minecraft:crimson_roots":9,"minecraft:diamond_pickaxe":12,"minecraft:bee_nest":3,"minecraft:clay_ball":292,"minecraft:leather_leggings":3,"minecraft:dragon_head":3,"minecraft:purpur_block":1,"minecraft:cornflower":30,"minecraft:elytra":19,"minecraft:acacia_door":2,"minecraft:flint_and_steel":10,"minecraft:white_carpet":2331,"minecraft:white_stained_glass":21,"minecraft:iron_shovel":2,"minecraft:glass_pane":2,"minecraft:netherite_sword":17,"minecraft:jungle_sapling":20,"minecraft:poppy":35,"minecraft:spruce_slab":12,"minecraft:minecart":4,"minecraft:birch_sapling":69,"minecraft:piston":33,"minecraft:copper_ore":56,"minecraft:lime_shulker_box":46,"minecraft:stone":89052,"minecraft:music_disc_mellohi":1,"minecraft:netherite_pickaxe":168,"minecraft:cyan_shulker_box":68,"minecraft:jungle_sign":13,"minecraft:diamond_chestplate":8,"minecraft:hay_block":1,"minecraft:yellow_terracotta":1,"minecraft:totem_of_undying":27,"minecraft:mutton":48,"minecraft:rail":373,"minecraft:bone_block":4,"minecraft:emerald_ore":2,"minecraft:oxeye_daisy":26,"minecraft:birch_leaves":6,"minecraft:yellow_shulker_box":124,"minecraft:tripwire_hook":70,"minecraft:yellow_dye":6,"minecraft:blackstone_slab":2,"minecraft:end_portal_frame":3,"minecraft:acacia_wood":7,"minecraft:lily_pad":6,"minecraft:spawner":11,"minecraft:apple":41,"minecraft:warped_stem":22,"minecraft:spore_blossom":3,"minecraft:stone_pickaxe":2,"minecraft:iron_ore":1320,"minecraft:dark_oak_stairs":386,"minecraft:smooth_basalt":1,"minecraft:sweet_berries":7,"minecraft:light_blue_stained_glass":3,"minecraft:crying_obsidian":16,"minecraft:leather_helmet":3,"minecraft:diamond_shovel":6,"minecraft:coal_ore":1676,"minecraft:slime_ball":3499,"minecraft:short_grass":4,"minecraft:deepslate_redstone_ore":46,"minecraft:birch_sign":258,"minecraft:baked_potato":3,"minecraft:smooth_quartz_slab":53,"minecraft:hopper":141,"minecraft:black_carpet":1606,"minecraft:nether_brick_fence":9,"minecraft:ender_chest":357,"minecraft:yellow_wool":6,"minecraft:gilded_blackstone":12,"minecraft:stone_brick_stairs":57,"minecraft:lapis_block":130,"minecraft:deepslate_lapis_ore":11,"minecraft:purple_banner":36,"minecraft:experience_bottle":244,"minecraft:smooth_stone":49,"minecraft:comparator":65,"minecraft:bucket":4,"minecraft:red_dye":3,"minecraft:white_tulip":166,"minecraft:rose_bush":14,"minecraft:cobblestone_slab":6,"minecraft:ender_eye":72,"minecraft:azalea":2,"minecraft:iron_pickaxe":1,"minecraft:smooth_quartz":213,"minecraft:deepslate_iron_ore":23,"minecraft:tipped_arrow":2,"minecraft:acacia_fence":3,"minecraft:spruce_stairs":43,"minecraft:netherite_shovel":138,"minecraft:diorite":6770,"minecraft:vine":4,"minecraft:andesite_wall":35,"minecraft:rotten_flesh":1782,"minecraft:brown_shulker_box":124,"minecraft:deepslate_copper_ore":18,"minecraft:obsidian":8386,"minecraft:cobblestone":34461,"minecraft:enchanting_table":2,"minecraft:pink_petals":6,"minecraft:leather_chestplate":2,"minecraft:repeater":30,"minecraft:warped_fungus_on_a_stick":60,"minecraft:andesite":6708,"minecraft:black_bed":5,"minecraft:golden_leggings":16,"minecraft:beacon":187,"minecraft:potato":19,"minecraft:prismarine_bricks":731,"minecraft:dirt":24455,"minecraft:name_tag":8,"minecraft:glass":371,"minecraft:bone":2599,"minecraft:acacia_planks":74,"minecraft:bow":107,"minecraft:wheat_seeds":562,"minecraft:orange_tulip":44,"minecraft:grindstone":2,"minecraft:netherite_axe":76,"minecraft:mossy_stone_bricks":23,"minecraft:fletching_table":2,"minecraft:bamboo":4464,"minecraft:prismarine":321,"minecraft:axolotl_spawn_egg":1986,"minecraft:light_blue_shulker_box":161,"minecraft:nether_brick_stairs":90,"minecraft:grass_block":1295,"minecraft:diamond_block":278,"minecraft:mossy_cobblestone":1,"minecraft:jungle_leaves":1,"minecraft:light_gray_terracotta":1,"minecraft:sugar":2,"minecraft:light_blue_terracotta":7,"minecraft:slime_block":13,"minecraft:netherite_helmet":2,"minecraft:cracked_polished_blackstone_bricks":8,"minecraft:crossbow":9,"minecraft:bone_meal":1,"minecraft:golden_apple":1,"minecraft:emerald":72,"minecraft:netherrack":17280,"minecraft:chorus_fruit":99,"minecraft:andesite_slab":8,"minecraft:oak_leaves":65,"minecraft:azure_bluet":37,"minecraft:ladder":160,"minecraft:packed_ice":11,"minecraft:stone_brick_wall":49,"minecraft:shield":2,"minecraft:oak_trapdoor":4,"minecraft:mycelium":355,"minecraft:birch_fence":10,"minecraft:blackstone":754,"minecraft:end_stone":4631,"minecraft:polished_blackstone_bricks":7,"minecraft:trident":8,"minecraft:stone_pressure_plate":56,"minecraft:weeping_vines":1,"minecraft:red_shulker_box":251,"minecraft:nether_bricks":159,"minecraft:stripped_dark_oak_wood":22,"minecraft:pink_tulip":29,"minecraft:black_banner":2,"minecraft:petrified_oak_slab":3,"minecraft:netherite_boots":13,"minecraft:basalt":830,"minecraft:golden_carrot":63,"minecraft:leather":202,"minecraft:bedrock":1,"minecraft:crimson_fungus":7,"minecraft:chainmail_chestplate":2,"minecraft:yellow_bed":4,"minecraft:cobblestone_wall":62,"minecraft:gunpowder":459,"minecraft:orange_terracotta":1,"minecraft:cooked_mutton":128,"minecraft:red_carpet":2,"minecraft:gray_carpet":5141,"minecraft:acacia_trapdoor":3,"minecraft:rabbit_hide":6,"minecraft:iron_ingot":129,"minecraft:cooked_chicken":2,"minecraft:prismarine_brick_slab":45,"minecraft:nether_quartz_ore":80,"minecraft:warped_fungus":24,"minecraft:emerald_block":627,"minecraft:stone_brick_slab":11,"minecraft:quartz":46,"minecraft:dandelion":29,"minecraft:lava_bucket":5,"minecraft:red_banner":4,"minecraft:nether_brick_slab":10,"minecraft:spruce_door":10,"minecraft:polished_diorite_stairs":16,"minecraft:chainmail_leggings":2,"minecraft:cherry_sapling":2,"minecraft:terracotta":8,"minecraft:damaged_anvil":1,"minecraft:netherite_hoe":35,"minecraft:sunflower":41,"minecraft:seagrass":4,"minecraft:chainmail_boots":2,"minecraft:flower_pot":1,"minecraft:anvil":15,"minecraft:prismarine_shard":101,"minecraft:diamond_sword":20,"minecraft:oak_stairs":92,"minecraft:brown_bed":2,"minecraft:wither_rose":45,"minecraft:brewing_stand":2,"minecraft:golden_sword":3,"minecraft:dark_oak_trapdoor":6,"minecraft:soul_soil":2,"minecraft:blue_stained_glass_pane":2,"minecraft:beetroot":6,"minecraft:gold_nugget":16,"minecraft:cobbled_deepslate":7058,"minecraft:spruce_planks":69,"minecraft:acacia_fence_gate":2,"minecraft:acacia_sign":1,"minecraft:written_book":1,"minecraft:coal_block":44,"minecraft:enchanted_golden_apple":147,"minecraft:melon_slice":201,"minecraft:dark_oak_door":2,"minecraft:golden_helmet":10,"minecraft:music_disc_blocks":1,"minecraft:composter":1,"minecraft:sandstone_wall":1,"minecraft:cherry_log":10,"minecraft:tropical_fish":14,"minecraft:blue_dye":8,"minecraft:iron_block":217,"minecraft:netherite_chestplate":14,"minecraft:birch_log":414,"minecraft:magma_block":46,"minecraft:polished_diorite_slab":35,"minecraft:iron_door":7,"minecraft:birch_slab":78,"minecraft:jungle_log":435,"minecraft:acacia_leaves":350,"minecraft:stripped_spruce_wood":25,"minecraft:netherite_leggings":11,"minecraft:map":1,"minecraft:stripped_bamboo_block":2,"minecraft:chipped_anvil":11,"minecraft:glowstone_dust":5,"minecraft:moss_block":3,"minecraft:warped_wart_block":69,"minecraft:dropper":2,"minecraft:ink_sac":65,"minecraft:loom":2,"minecraft:barrel":4,"minecraft:dark_oak_log":1836,"minecraft:stripped_acacia_log":66,"minecraft:writable_book":4,"minecraft:deepslate_gold_ore":35,"minecraft:chainmail_helmet":4,"minecraft:bread":34,"minecraft:bricks":185,"minecraft:crafting_table":30,"minecraft:coarse_dirt":7,"minecraft:nether_wart":23,"minecraft:orange_stained_glass_pane":4,"minecraft:red_bed":20,"minecraft:snow":1,"minecraft:cracked_stone_bricks":16,"minecraft:cartography_table":4,"minecraft:deepslate_diamond_ore":16,"minecraft:beef":104,"minecraft:iron_nugget":3,"minecraft:chest":232,"minecraft:egg":19,"minecraft:sandstone":475,"minecraft:oak_door":19,"minecraft:spruce_fence":1,"minecraft:carrot":234,"minecraft:redstone":865,"minecraft:mushroom_stem":47,"minecraft:prismarine_crystals":82,"minecraft:tnt":364,"minecraft:polished_granite_stairs":19,"minecraft:cooked_cod":97,"minecraft:beetroot_seeds":23,"minecraft:peony":36,"minecraft:shears":63,"minecraft:diamond_boots":19,"minecraft:sandstone_stairs":11,"minecraft:gold_ingot":285,"minecraft:white_shulker_box":65,"minecraft:glow_berries":2,"minecraft:white_wool":392,"minecraft:crimson_slab":12,"minecraft:lapis_ore":37,"minecraft:stripped_oak_log":23,"minecraft:red_mushroom":246,"minecraft:filled_map":9,"minecraft:brown_concrete":111,"minecraft:oak_log":1800,"minecraft:ancient_debris":222,"minecraft:golden_boots":5,"minecraft:white_banner":15,"minecraft:stone_bricks":1207,"minecraft:kelp":871,"minecraft:creeper_spawn_egg":1,"minecraft:glass_bottle":4,"minecraft:iron_sword":1,"minecraft:flowering_azalea":2,"minecraft:prismarine_brick_stairs":64,"minecraft:dark_oak_slab":3,"minecraft:gravel":2394,"minecraft:spruce_sapling":90,"minecraft:spruce_log":671,"minecraft:sea_lantern":77,"minecraft:firework_rocket":187,"minecraft:polished_diorite":300,"minecraft:light_blue_carpet":558,"minecraft:redstone_ore":271,"minecraft:diamond_axe":6,"minecraft:gray_wool":2,"minecraft:warped_roots":2,"minecraft:stripped_dark_oak_log":243,"minecraft:warped_nylium":12,"minecraft:crimson_nylium":20,"minecraft:ender_pearl":191,"minecraft:shulker_shell":12,"minecraft:wheat":84,"minecraft:redstone_block":204,"minecraft:light_gray_shulker_box":250,"minecraft:turtle_egg":2,"minecraft:potion":5,"minecraft:raw_copper":62,"minecraft:smooth_stone_slab":82,"minecraft:sticky_piston":7,"minecraft:netherite_ingot":25,"minecraft:pink_shulker_box":10,"minecraft:oak_sign":20,"minecraft:black_shulker_box":116,"minecraft:dark_oak_leaves":2,"minecraft:redstone_torch":50,"minecraft:calcite":1,"minecraft:furnace":15,"minecraft:stick":653,"minecraft:orange_shulker_box":32,"minecraft:jungle_door":3,"minecraft:oak_fence":9,"minecraft:torch":1498,"minecraft:porkchop":21,"minecraft:dried_kelp":19,"minecraft:pointed_dripstone":1,"minecraft:music_disc_pigstep":1,"minecraft:quartz_block":4,"minecraft:nether_gold_ore":215,"minecraft:cactus":17,"minecraft:cod":306,"minecraft:nautilus_shell":4,"minecraft:magma_cream":48,"minecraft:magenta_dye":4,"minecraft:tuff":2229,"minecraft:wither_skeleton_skull":5,"minecraft:green_shulker_box":65,"minecraft:lapis_lazuli":339,"minecraft:polished_granite":3,"minecraft:leather_boots":12,"minecraft:raw_gold":59,"minecraft:bell":6,"minecraft:powered_rail":88,"minecraft:oak_planks":488,"minecraft:ghast_tear":4,"minecraft:cooked_porkchop":831,"minecraft:music_disc_13":2,"minecraft:oak_pressure_plate":2,"minecraft:jungle_planks":26,"minecraft:sand":3536,"minecraft:lily_of_the_valley":54,"minecraft:shulker_box":406,"minecraft:orange_wool":6,"minecraft:dark_prismarine":127,"minecraft:dark_prismarine_slab":6,"minecraft:spruce_boat":1,"minecraft:diamond":127,"minecraft:black_concrete":83,"minecraft:white_concrete":53,"minecraft:oak_sapling":345,"minecraft:nether_star":50,"minecraft:end_stone_bricks":47,"minecraft:fishing_rod":49,"minecraft:cocoa_beans":44,"minecraft:allium":2,"minecraft:chicken":16,"minecraft:wooden_pickaxe":2,"minecraft:cooked_rabbit":6,"minecraft:gold_block":222,"minecraft:stone_stairs":45,"minecraft:iron_axe":5,"minecraft:item_frame":23,"minecraft:cyan_carpet":3147,"minecraft:dark_prismarine_stairs":162,"minecraft:andesite_stairs":7,"minecraft:oak_boat":1,"minecraft:player_head":4,"minecraft:observer":38,"minecraft:light_gray_wool":2,"minecraft:lectern":273,"minecraft:blue_shulker_box":65,"minecraft:sugar_cane":466,"minecraft:spruce_trapdoor":15,"minecraft:phantom_membrane":223,"minecraft:dark_oak_sapling":127,"minecraft:raw_iron":506,"minecraft:orange_dye":4,"minecraft:bowl":5,"minecraft:iron_horse_armor":1,"minecraft:dark_oak_planks":514,"minecraft:arrow":2716,"minecraft:saddle":5,"minecraft:wet_sponge":1106,"minecraft:glow_ink_sac":14,"minecraft:crimson_stem":15,"minecraft:salmon":129,"minecraft:cut_sandstone":26,"minecraft:carrot_on_a_stick":33,"minecraft:birch_planks":120,"minecraft:cobblestone_stairs":87,"minecraft:podzol":2,"minecraft:smooth_sandstone":4,"minecraft:heart_of_the_sea":2,"minecraft:acacia_sapling":142,"minecraft:soul_sand":22,"minecraft:book":15,"minecraft:oak_slab":32,"minecraft:scaffolding":92,"minecraft:red_concrete_powder":8,"minecraft:birch_boat":3,"minecraft:pumpkin":3,"minecraft:chiseled_stone_bricks":61,"minecraft:white_bed":47,"minecraft:gold_ore":126,"minecraft:dark_oak_fence_gate":5,"minecraft:green_carpet":3493,"minecraft:spider_eye":218,"minecraft:dried_kelp_block":12,"minecraft:campfire":4,"minecraft:black_wool":5,"minecraft:red_concrete":28,"minecraft:coal":2164},"minecraft:dropped":{"minecraft:iron_sword":1,"minecraft:porkchop":2,"minecraft:lapis_lazuli":36,"minecraft:glass_bottle":6,"minecraft:diamond":55,"minecraft:crafting_table":2,"minecraft:cooked_porkchop":78,"minecraft:warped_fungus_on_a_stick":2,"minecraft:black_bed":1,"minecraft:cracked_stone_bricks":2,"minecraft:red_mushroom":213,"minecraft:emerald":6,"minecraft:birch_fence":10,"minecraft:netherite_boots":10,"minecraft:writable_book":4,"minecraft:sand":359,"minecraft:dark_oak_planks":1,"minecraft:fishing_rod":5,"minecraft:white_wool":133,"minecraft:stone_axe":1,"minecraft:compass":1,"minecraft:diamond_block":344,"minecraft:iron_nugget":1,"minecraft:cooked_chicken":2,"minecraft:cobbled_deepslate":1,"minecraft:netherite_sword":16,"minecraft:wheat":6,"minecraft:obsidian":2494,"minecraft:rotten_flesh":832,"minecraft:oak_planks":117,"minecraft:nether_brick_fence":6,"minecraft:azure_bluet":1,"minecraft:sea_lantern":47,"minecraft:coal_ore":11,"minecraft:quartz_block":2,"minecraft:jungle_log":10,"minecraft:leather_boots":3,"minecraft:acacia_sapling":3,"minecraft:leather_leggings":1,"minecraft:glass":385,"minecraft:beef":12,"minecraft:stone_brick_stairs":2,"minecraft:acacia_fence":1,"minecraft:golden_boots":3,"minecraft:orange_shulker_box":6,"minecraft:black_dye":7,"minecraft:wheat_seeds":69,"minecraft:creeper_spawn_egg":0,"minecraft:netherite_chestplate":11,"minecraft:prismarine_crystals":7,"minecraft:golden_apple":1,"minecraft:coal_block":28,"minecraft:lava_bucket":42,"minecraft:ink_sac":10,"minecraft:wooden_axe":0,"minecraft:lapis_ore":3,"minecraft:potion":1,"minecraft:oak_stairs":2,"minecraft:red_dye":4,"minecraft:chipped_anvil":10,"minecraft:smooth_stone":149,"minecraft:smooth_sandstone":4,"minecraft:acacia_planks":68,"minecraft:netherite_hoe":2,"minecraft:player_head":4,"minecraft:cocoa_beans":9,"minecraft:experience_bottle":42,"minecraft:red_banner":2,"minecraft:white_carpet":96,"minecraft:clay_ball":8,"minecraft:name_tag":17,"minecraft:white_terracotta":10,"minecraft:white_shulker_box":5,"minecraft:oak_sign":5,"minecraft:shears":2,"minecraft:diamond_sword":17,"minecraft:spruce_trapdoor":15,"minecraft:spruce_planks":2,"minecraft:diamond_pickaxe":9,"minecraft:pink_shulker_box":1,"minecraft:stone_bricks":75,"minecraft:bamboo":2474,"minecraft:sandstone":331,"minecraft:bow":136,"minecraft:stripped_spruce_wood":6,"minecraft:magma_block":32,"minecraft:cooked_rabbit":1,"minecraft:nether_brick_stairs":1,"minecraft:blue_shulker_box":3,"minecraft:soul_sand":5,"minecraft:llama_spawn_egg":1,"minecraft:orange_dye":5,"minecraft:oak_log":265,"minecraft:ender_pearl":42,"minecraft:nether_star":13,"minecraft:dark_oak_sapling":7,"minecraft:green_shulker_box":7,"minecraft:leather":92,"minecraft:jungle_planks":11,"minecraft:bedrock":2,"minecraft:carrot_on_a_stick":1,"minecraft:birch_slab":78,"minecraft:cod":69,"minecraft:cobblestone_stairs":1,"minecraft:cracked_polished_blackstone_bricks":1,"minecraft:dark_oak_log":8,"minecraft:mutton":8,"minecraft:snowball":2,"minecraft:black_shulker_box":27,"minecraft:jungle_sign":13,"minecraft:axolotl_bucket":0,"minecraft:black_concrete":42,"minecraft:gold_ingot":460,"minecraft:purple_banner":21,"minecraft:beetroot":2,"minecraft:cyan_shulker_box":9,"minecraft:cooked_mutton":35,"minecraft:acacia_stairs":2,"minecraft:mycelium":41,"minecraft:trident":5,"minecraft:beetroot_seeds":22,"minecraft:iron_ore":7,"minecraft:bread":70,"minecraft:golden_helmet":6,"minecraft:netherite_axe":34,"minecraft:tropical_fish":3,"minecraft:spruce_stairs":26,"minecraft:acacia_log":10,"minecraft:iron_block":261,"minecraft:repeater":60,"minecraft:melon_slice":22,"minecraft:light_gray_shulker_box":15,"minecraft:yellow_shulker_box":41,"minecraft:iron_door":1,"minecraft:jungle_door":9,"minecraft:crimson_sign":4,"minecraft:stonecutter":1,"minecraft:orange_bed":69,"minecraft:redstone_block":386,"minecraft:polished_diorite":151,"minecraft:blue_terracotta":2,"minecraft:kelp":639,"minecraft:oak_trapdoor":3,"minecraft:dark_prismarine_stairs":1,"minecraft:totem_of_undying":26,"minecraft:shulker_box":33,"minecraft:netherite_leggings":10,"minecraft:flint_and_steel":3,"minecraft:netherite_block":65,"minecraft:andesite":188,"minecraft:golden_leggings":6,"minecraft:oak_sapling":17,"minecraft:end_portal_frame":0,"minecraft:spruce_log":139,"minecraft:wooden_pickaxe":1,"minecraft:nautilus_shell":2,"minecraft:magma_cream":21,"minecraft:piston":4,"minecraft:cooked_beef":172,"minecraft:spore_blossom":0,"minecraft:crossbow":9,"minecraft:saddle":67,"minecraft:elytra":11,"minecraft:leather_helmet":2,"minecraft:item_frame":1,"minecraft:red_shulker_box":20,"minecraft:dirt":1120,"minecraft:yellow_dye":6,"minecraft:jungle_sapling":1,"minecraft:bone_meal":81,"minecraft:sunflower":1,"minecraft:phantom_membrane":113,"minecraft:sugar":2,"minecraft:iron_pickaxe":1,"minecraft:end_crystal":1175,"minecraft:bone":358,"minecraft:oak_door":26,"minecraft:emerald_block":257,"minecraft:sugar_cane":18,"minecraft:golden_chestplate":5,"minecraft:enchanted_golden_apple":382,"minecraft:netherite_shovel":10,"minecraft:end_stone":9,"minecraft:white_bed":3,"minecraft:salmon":12,"minecraft:tipped_arrow":2,"minecraft:ladder":35,"minecraft:ghast_tear":2,"minecraft:lectern":1,"minecraft:egg":2,"minecraft:crimson_planks":2,"minecraft:enchanted_book":29,"minecraft:iron_ingot":39,"minecraft:netherite_pickaxe":28,"minecraft:copper_block":5,"minecraft:tnt":70,"minecraft:netherite_helmet":7,"minecraft:oak_fence":2,"minecraft:feather":13,"minecraft:cobblestone":2862,"minecraft:apple":3,"minecraft:granite":160,"minecraft:spruce_door":8,"minecraft:chainmail_helmet":2,"minecraft:coal":51,"minecraft:polished_andesite":2,"minecraft:dried_kelp_block":12,"minecraft:golden_carrot":86,"minecraft:sponge":3,"minecraft:rabbit":2,"minecraft:diamond_helmet":12,"minecraft:dried_kelp":19,"minecraft:string":143,"minecraft:spruce_sapling":7,"minecraft:furnace":1,"minecraft:netherite_ingot":1,"minecraft:stone_sword":2,"minecraft:dark_oak_sign":18,"minecraft:deepslate":64,"minecraft:bowl":1,"minecraft:chicken":6,"minecraft:diamond_ore":0,"minecraft:orange_wool":3,"minecraft:nether_bricks":79,"minecraft:potato":19,"minecraft:stone":6905,"minecraft:crimson_slab":12,"minecraft:blue_banner":1,"minecraft:spider_eye":66,"minecraft:birch_boat":2,"minecraft:magenta_dye":3,"minecraft:black_wool":1,"minecraft:gold_ore":1,"minecraft:crimson_nylium":11,"minecraft:birch_planks":9,"minecraft:dark_oak_stairs":40,"minecraft:diamond_axe":8,"minecraft:baked_potato":2,"minecraft:lime_shulker_box":27,"minecraft:lantern":4,"minecraft:flint":32,"minecraft:zombie_villager_spawn_egg":1,"minecraft:crimson_roots":1,"minecraft:cooked_cod":17,"minecraft:cut_sandstone":7,"minecraft:polished_blackstone_bricks":1,"minecraft:acacia_door":2,"minecraft:birch_log":21,"minecraft:gravel":223,"minecraft:white_tulip":128,"minecraft:blackstone":545,"minecraft:diamond_shovel":5,"minecraft:prismarine":256,"minecraft:stone_stairs":3,"minecraft:carrot":125,"minecraft:brown_shulker_box":8,"minecraft:sandstone_wall":1,"minecraft:shulker_shell":18,"minecraft:rabbit_hide":1,"minecraft:gunpowder":107,"minecraft:glowstone":3,"minecraft:chest":5,"minecraft:gray_shulker_box":2,"minecraft:arrow":836,"minecraft:basalt":675,"minecraft:prismarine_bricks":139,"minecraft:written_book":3,"minecraft:oak_leaves":1,"minecraft:netherrack":11259,"minecraft:firework_rocket":773,"minecraft:spawner":19,"minecraft:water_bucket":6,"minecraft:oak_slab":12,"minecraft:mossy_cobblestone":1,"minecraft:bookshelf":1,"minecraft:diamond_leggings":19,"minecraft:prismarine_shard":64,"minecraft:lead":11,"minecraft:observer":1,"minecraft:grass_block":2,"minecraft:stick":87,"minecraft:diorite":78,"minecraft:nether_gold_ore":2,"minecraft:light_blue_stained_glass":1,"minecraft:torch":122,"minecraft:map":8,"minecraft:wither_rose":26,"minecraft:iron_axe":3,"minecraft:bucket":3,"minecraft:lapis_block":225,"minecraft:dandelion":2,"minecraft:redstone":88,"minecraft:anvil":10,"minecraft:ender_chest":192,"minecraft:blaze_rod":13,"minecraft:raw_copper":3,"minecraft:tuff":1,"minecraft:wither_skeleton_skull":2,"minecraft:iron_hoe":1,"minecraft:ender_eye":10,"minecraft:filled_map":5,"minecraft:shield":1,"minecraft:diamond_chestplate":11,"minecraft:mossy_stone_bricks":2,"minecraft:golden_sword":2,"minecraft:diamond_boots":31,"minecraft:slime_ball":93,"minecraft:purple_shulker_box":7,"minecraft:stone_pickaxe":3,"minecraft:nether_quartz_ore":23,"minecraft:light_blue_shulker_box":27},"minecraft:crafted":{"minecraft:black_dye":37,"minecraft:yellow_wool":12,"minecraft:oak_sign":48,"minecraft:birch_boat":4,"minecraft:blaze_powder":22,"minecraft:diamond_shovel":5,"minecraft:gray_wool":2,"minecraft:shulker_box":44,"minecraft:diamond_helmet":4,"minecraft:beacon":1,"minecraft:stone_pressure_plate":107,"minecraft:iron_door":6,"minecraft:black_wool":11,"minecraft:white_shulker_box":13,"minecraft:redstone_lamp":1,"minecraft:acacia_slab":6,"minecraft:raw_gold_block":2,"minecraft:smithing_table":3,"minecraft:brown_bed":1,"minecraft:cartography_table":2,"minecraft:wooden_hoe":1,"minecraft:stone_slab":6,"minecraft:iron_pickaxe":9,"minecraft:netherite_ingot":82,"minecraft:cyan_wool":2,"minecraft:jungle_sign":12,"minecraft:bamboo_pressure_plate":2,"minecraft:jukebox":2,"minecraft:orange_shulker_box":9,"minecraft:iron_nugget":567,"minecraft:diamond_hoe":4,"minecraft:acacia_fence_gate":4,"minecraft:red_banner":1,"minecraft:light_gray_wool":2,"minecraft:blue_shulker_box":5,"minecraft:spruce_fence":72,"minecraft:brain_coral_block":1,"minecraft:terracotta":62,"minecraft:lantern":70,"minecraft:spruce_stairs":16,"minecraft:light_gray_shulker_box":25,"minecraft:polished_diorite":400,"minecraft:black_concrete_powder":8,"minecraft:red_shulker_box":11,"minecraft:stone_pickaxe":10,"minecraft:spruce_boat":2,"minecraft:enchanting_table":2,"minecraft:crimson_slab":12,"minecraft:acacia_trapdoor":26,"minecraft:light_blue_wool":2,"minecraft:red_carpet":3,"minecraft:enchanted_book":17,"minecraft:orange_dye":17,"minecraft:light_blue_carpet":3,"minecraft:warped_fungus_on_a_stick":1,"minecraft:writable_book":4,"minecraft:iron_shovel":2,"minecraft:armor_stand":11,"minecraft:note_block":4,"minecraft:grindstone":1,"minecraft:cobblestone_slab":66,"minecraft:barrel":209,"minecraft:stone":1249,"minecraft:bamboo_door":3,"minecraft:warped_planks":56,"minecraft:stone_brick_slab":6,"minecraft:brown_stained_glass":8,"minecraft:bow":5,"minecraft:chest":212,"minecraft:copper_block":3,"minecraft:rail":16,"minecraft:ender_eye":18,"minecraft:oak_fence":36,"minecraft:stone_bricks":3596,"minecraft:golden_boots":1,"minecraft:arrow":4,"minecraft:iron_helmet":1,"minecraft:brown_dye":9,"minecraft:red_wool":8,"minecraft:tnt":1,"minecraft:yellow_dye":34,"minecraft:purple_dye":12,"minecraft:netherite_block":2,"minecraft:stick":2500,"minecraft:iron_ingot":731,"minecraft:light_blue_shulker_box":12,"minecraft:black_bed":3,"minecraft:light_blue_stained_glass":128,"minecraft:cyan_carpet":3,"minecraft:dark_oak_fence_gate":78,"minecraft:blue_terracotta":8,"minecraft:oak_door":21,"minecraft:fishing_rod":21,"minecraft:netherite_sword":4,"minecraft:leather_boots":5,"minecraft:bamboo_mosaic":29,"minecraft:furnace":46,"minecraft:blast_furnace":4,"minecraft:raw_copper_block":2,"minecraft:oak_trapdoor":2,"minecraft:flint_and_steel":3,"minecraft:scaffolding":6,"minecraft:white_concrete_powder":8,"minecraft:brown_shulker_box":2,"minecraft:bamboo_mosaic_slab":6,"minecraft:iron_trapdoor":4,"minecraft:purple_shulker_box":4,"minecraft:iron_sword":3,"minecraft:cooked_salmon":13,"minecraft:jungle_planks":896,"minecraft:jungle_door":9,"minecraft:white_dye":74,"minecraft:recovery_compass":1,"minecraft:brown_concrete_powder":24,"minecraft:netherite_shovel":2,"minecraft:black_carpet":6,"minecraft:blue_wool":12,"minecraft:stonecutter":7,"minecraft:anvil":3,"minecraft:orange_bed":1,"minecraft:torch":1964,"minecraft:bamboo_trapdoor":2,"minecraft:diamond_chestplate":5,"minecraft:ender_chest":2,"minecraft:smooth_stone":277,"minecraft:dark_oak_pressure_plate":3,"minecraft:dark_oak_wood":48,"minecraft:oak_pressure_plate":3,"minecraft:loom":2,"minecraft:lever":2,"minecraft:bookshelf":7,"minecraft:iron_bars":16,"minecraft:glass":317,"minecraft:light_blue_terracotta":8,"minecraft:diamond_leggings":3,"minecraft:netherite_boots":1,"minecraft:melon_seeds":9,"minecraft:acacia_fence":72,"minecraft:glass_bottle":24,"minecraft:wooden_shovel":1,"minecraft:emerald":612,"minecraft:cooked_porkchop":11,"minecraft:diamond_axe":4,"minecraft:copper_ingot":36,"minecraft:purple_banner":1,"minecraft:campfire":1,"minecraft:lime_shulker_box":11,"minecraft:bamboo_planks":148,"minecraft:green_terracotta":8,"minecraft:compass":16,"minecraft:iron_block":34,"minecraft:white_terracotta":8,"minecraft:gold_ingot":320,"minecraft:light_gray_dye":19,"minecraft:spruce_fence_gate":1,"minecraft:stone_shovel":1,"minecraft:smooth_stone_slab":42,"minecraft:yellow_bed":2,"minecraft:bamboo_mosaic_stairs":4,"minecraft:bone_meal":1917,"minecraft:white_carpet":105,"minecraft:orange_wool":15,"minecraft:bamboo_stairs":4,"minecraft:diamond":180,"minecraft:netherite_axe":1,"minecraft:dark_oak_fence":3,"minecraft:ladder":378,"minecraft:spruce_slab":1008,"minecraft:blue_banner":2,"minecraft:diamond_boots":6,"minecraft:spruce_sapling":1,"minecraft:redstone_block":41,"minecraft:dark_oak_planks":6772,"minecraft:wheat":9,"minecraft:coal_block":28,"minecraft:netherite_pickaxe":5,"minecraft:skull_banner_pattern":1,"minecraft:dried_kelp":68,"minecraft:polished_granite":64,"minecraft:conduit":1,"minecraft:bamboo_slab":60,"minecraft:golden_apple":1,"minecraft:acacia_sign":6,"minecraft:gray_shulker_box":14,"minecraft:cyan_shulker_box":4,"minecraft:oak_stairs":184,"minecraft:wooden_axe":1,"minecraft:iron_leggings":1,"minecraft:white_bed":14,"minecraft:oak_planks":7804,"minecraft:dark_oak_boat":1,"minecraft:flower_banner_pattern":1,"minecraft:green_dye":10,"minecraft:bamboo_block":78,"minecraft:dark_oak_door":3,"minecraft:hopper":1,"minecraft:iron_boots":1,"minecraft:raw_copper":36,"minecraft:written_book":1,"minecraft:stone_hoe":1,"minecraft:raw_iron_block":2,"minecraft:smoker":1,"minecraft:item_frame":8,"minecraft:oak_slab":618,"minecraft:acacia_wood":93,"minecraft:map":12,"minecraft:crafting_table":61,"minecraft:spruce_planks":1588,"minecraft:wooden_pickaxe":4,"minecraft:gold_block":67,"minecraft:birch_planks":588,"minecraft:brewing_stand":1,"minecraft:black_shulker_box":8,"minecraft:emerald_block":11,"minecraft:dark_oak_slab":636,"minecraft:iron_chestplate":1,"minecraft:book":21,"minecraft:paper":285,"minecraft:diamond_pickaxe":6,"minecraft:charcoal":32,"minecraft:shield":8,"minecraft:light_blue_dye":34,"minecraft:netherite_hoe":1,"minecraft:green_shulker_box":3,"minecraft:gray_carpet":3,"minecraft:light_gray_carpet":3,"minecraft:sponge":167,"minecraft:shears":8,"minecraft:green_carpet":3,"minecraft:trident":1,"minecraft:polished_andesite":16,"minecraft:coarse_dirt":60,"minecraft:purple_wool":6,"minecraft:redstone":936,"minecraft:coal":549,"minecraft:stone_button":4,"minecraft:bamboo_button":2,"minecraft:dark_oak_trapdoor":38,"minecraft:gray_dye":10,"minecraft:dark_oak_sign":27,"minecraft:glass_pane":48,"minecraft:diamond_block":3,"minecraft:end_stone_bricks":708,"minecraft:netherite_leggings":1,"minecraft:yellow_shulker_box":22,"minecraft:black_terracotta":24,"minecraft:iron_axe":3,"minecraft:spruce_wood":48,"minecraft:slime_ball":2421,"minecraft:iron_hoe":2,"minecraft:lime_dye":2,"minecraft:netherite_scrap":222,"minecraft:minecart":5,"minecraft:cooked_beef":67,"minecraft:red_dye":31,"minecraft:cooked_cod":24,"minecraft:bone_block":19,"minecraft:crimson_planks":44,"minecraft:diamond_sword":5,"minecraft:cyan_dye":6,"minecraft:spruce_sign":30,"minecraft:dark_oak_stairs":1724,"minecraft:powered_rail":6,"minecraft:bucket":20,"minecraft:stone_axe":5,"minecraft:lodestone":1,"minecraft:air":0,"minecraft:bread":27,"minecraft:blue_dye":54,"minecraft:oak_boat":3,"minecraft:white_wool":3,"minecraft:brown_wool":3,"minecraft:green_wool":2,"minecraft:acacia_planks":476,"minecraft:end_crystal":1,"minecraft:clay":63,"minecraft:lapis_lazuli":180,"minecraft:lapis_block":4,"minecraft:carrot_on_a_stick":1,"minecraft:firework_rocket":231},"minecraft:broken":{"minecraft:fishing_rod":8,"minecraft:netherite_helmet":4,"minecraft:wooden_pickaxe":1,"minecraft:iron_pickaxe":7,"minecraft:netherite_boots":6,"minecraft:netherite_pickaxe":7,"minecraft:stone_pickaxe":5,"minecraft:netherite_shovel":1,"minecraft:netherite_chestplate":4,"minecraft:netherite_leggings":3,"minecraft:golden_helmet":1}},"DataVersion":4189}