{"stats":{"minecraft:mined":{"minecraft:dragon_wall_head":4,"minecraft:red_shulker_box":247,"minecraft:white_bed":68,"minecraft:cyan_shulker_box":59,"minecraft:light_blue_carpet":8,"minecraft:granite":8104,"minecraft:acacia_log":973,"minecraft:oak_pressure_plate":1,"minecraft:oak_wall_sign":6,"minecraft:nether_wart":16,"minecraft:spawner":75,"minecraft:polished_blackstone_bricks":6,"minecraft:magma_block":81,"minecraft:cobbled_deepslate":70,"minecraft:fire":30,"minecraft:barrel":18,"minecraft:deepslate_lapis_ore":20,"minecraft:fletching_table":1,"minecraft:nether_brick_stairs":90,"minecraft:green_carpet":70,"minecraft:pink_tulip":16,"minecraft:white_shulker_box":117,"minecraft:white_banner":3,"minecraft:player_head":1,"minecraft:tripwire":3,"minecraft:orange_bed":12,"minecraft:sandstone_slab":28,"minecraft:cut_sandstone":139,"minecraft:kelp_plant":604,"minecraft:crimson_nylium":43,"minecraft:torch":330,"minecraft:melon":37,"minecraft:dead_bush":7,"minecraft:nether_brick_slab":7,"minecraft:smooth_quartz_slab":13,"minecraft:lime_shulker_box":63,"minecraft:sugar_cane":270,"minecraft:bricks":43,"minecraft:amethyst_block":27,"minecraft:white_terracotta":20,"minecraft:repeater":458,"minecraft:purple_banner":2,"minecraft:wither_rose":3,"minecraft:dark_oak_sapling":2,"minecraft:smooth_quartz":100,"minecraft:sandstone_wall":1,"minecraft:smooth_basalt":159,"minecraft:deepslate":19891,"minecraft:suspicious_gravel":40,"minecraft:dark_prismarine":142,"minecraft:brown_concrete":106,"minecraft:mossy_cobblestone":9,"minecraft:dark_oak_log":1568,"minecraft:cyan_stained_glass":1,"minecraft:sea_lantern":29,"minecraft:end_stone":4844,"minecraft:spruce_fence":1,"minecraft:acacia_button":4,"minecraft:redstone_wire":195,"minecraft:cartography_table":4,"minecraft:red_mushroom":2,"minecraft:redstone_ore":402,"minecraft:acacia_trapdoor":1,"minecraft:andesite":8581,"minecraft:big_dripleaf_stem":1,"minecraft:respawn_anchor":9,"minecraft:cobblestone_slab":178,"minecraft:vine":429,"minecraft:rail":158,"minecraft:ender_chest":4719,"minecraft:oak_slab":17,"minecraft:redstone_block":21,"minecraft:glass_pane":2,"minecraft:soul_sand":48,"minecraft:lily_of_the_valley":12,"minecraft:dandelion":29,"minecraft:cornflower":22,"minecraft:warped_roots":2,"minecraft:campfire":4,"minecraft:copper_ore":158,"minecraft:tall_grass":64,"minecraft:deepslate_gold_ore":47,"minecraft:diorite":8915,"minecraft:warped_wart_block":69,"minecraft:coarse_dirt":40,"minecraft:light_blue_bed":1,"minecraft:stripped_spruce_wood":25,"minecraft:cobblestone_wall":5,"minecraft:dark_oak_wall_sign":5,"minecraft:mangrove_leaves":1,"minecraft:dark_prismarine_slab":7,"minecraft:sunflower":7,"minecraft:gravel":3851,"minecraft:cobweb":3605,"minecraft:birch_sign":1,"minecraft:stone_bricks":1344,"minecraft:gold_ore":153,"minecraft:chipped_anvil":1,"minecraft:fern":19,"minecraft:stone_pressure_plate":48,"minecraft:oak_sapling":3,"minecraft:farmland":24,"minecraft:andesite_stairs":7,"minecraft:orange_wool":12,"minecraft:brewing_stand":2,"minecraft:spruce_trapdoor":15,"minecraft:budding_amethyst":2,"minecraft:cracked_polished_blackstone_bricks":5,"minecraft:white_concrete":56,"minecraft:polished_diorite":114,"minecraft:composter":1,"minecraft:frosted_ice":8,"minecraft:gilded_blackstone":1,"minecraft:turtle_egg":2,"minecraft:brown_bed":2,"minecraft:red_tulip":1,"minecraft:flowering_azalea_leaves":1,"minecraft:iron_bars":11,"minecraft:azalea":2,"minecraft:spruce_slab":9,"minecraft:netherite_block":814,"minecraft:deepslate_redstone_ore":52,"minecraft:brown_shulker_box":101,"minecraft:quartz_block":8,"minecraft:orange_terracotta":3,"minecraft:yellow_banner":1,"minecraft:light_gray_terracotta":1,"minecraft:beacon":15,"minecraft:wither_skeleton_wall_skull":2,"minecraft:nether_quartz_ore":190,"minecraft:oak_planks":67,"minecraft:wall_torch":73,"minecraft:petrified_oak_slab":3,"minecraft:light_blue_terracotta":7,"minecraft:stone_stairs":3,"minecraft:warped_nylium":11,"minecraft:blue_terracotta":9,"minecraft:powered_rail":28,"minecraft:dark_oak_slab":3,"minecraft:tnt":156,"minecraft:smooth_stone_slab":30,"minecraft:oak_log":1404,"minecraft:beetroots":5,"minecraft:dirt":34048,"minecraft:dispenser":11,"minecraft:ancient_debris":223,"minecraft:crying_obsidian":36,"minecraft:dark_oak_leaves":58,"minecraft:red_stained_glass":2,"minecraft:lever":2,"minecraft:ladder":14,"minecraft:stone_button":4,"minecraft:spruce_leaves":127,"minecraft:crimson_stem":16,"minecraft:hay_block":1,"minecraft:light_gray_shulker_box":231,"minecraft:orange_stained_glass_pane":4,"minecraft:gold_block":164,"minecraft:nether_brick_fence":11,"minecraft:bookshelf":27,"minecraft:deepslate_iron_ore":29,"minecraft:shroomlight":1,"minecraft:stripped_oak_log":19,"minecraft:wet_sponge":1164,"minecraft:acacia_leaves":471,"minecraft:scaffolding":63,"minecraft:snow_block":16,"minecraft:stripped_dark_oak_log":243,"minecraft:basalt":681,"minecraft:polished_granite":3,"minecraft:oak_fence":3,"minecraft:stone_slab":9,"minecraft:deepslate_coal_ore":8,"minecraft:red_concrete":30,"minecraft:polished_blackstone_brick_stairs":1,"minecraft:prismarine_bricks":2901,"minecraft:birch_planks":7,"minecraft:black_wall_banner":1,"minecraft:ice":96,"minecraft:white_wall_banner":2,"minecraft:bee_nest":3,"minecraft:black_wool":9,"minecraft:cocoa":12,"minecraft:cherry_leaves":14,"minecraft:cyan_carpet":50,"minecraft:purple_shulker_box":103,"minecraft:cracked_stone_bricks":14,"minecraft:stripped_acacia_wood":9,"minecraft:mossy_stone_bricks":16,"minecraft:jungle_wall_sign":3,"minecraft:dark_oak_planks":322,"minecraft:dark_prismarine_stairs":163,"minecraft:cherry_log":10,"minecraft:jungle_leaves":208,"minecraft:obsidian":4680,"minecraft:stone_brick_wall":9,"minecraft:jungle_log":477,"minecraft:hopper":179,"minecraft:crimson_fungus":6,"minecraft:oxeye_daisy":14,"minecraft:chiseled_stone_bricks":68,"minecraft:light_blue_stained_glass":2,"minecraft:weeping_vines_plant":1,"minecraft:tall_seagrass":228,"minecraft:sticky_piston":11,"minecraft:pumpkin":3,"minecraft:stripped_dark_oak_wood":22,"minecraft:enchanting_table":3,"minecraft:sculk_shrieker":3,"minecraft:oak_sign":3,"minecraft:cave_vines":1,"minecraft:dirt_path":97,"minecraft:oak_stairs":39,"minecraft:smooth_sandstone_stairs":22,"minecraft:stripped_bamboo_block":2,"minecraft:blue_orchid":1,"minecraft:iron_block":76,"minecraft:red_bed":20,"minecraft:blast_furnace":3,"minecraft:polished_diorite_slab":27,"minecraft:glass":27,"minecraft:damaged_anvil":1,"minecraft:smooth_sandstone_slab":8,"minecraft:polished_diorite_stairs":16,"minecraft:wheat":85,"minecraft:black_bed":5,"minecraft:warped_fungus":24,"minecraft:stone_brick_stairs":57,"minecraft:copper_block":5,"minecraft:prismarine_brick_stairs":67,"minecraft:loom":2,"minecraft:blue_shulker_box":65,"minecraft:red_mushroom_block":1359,"minecraft:stonecutter":17,"minecraft:piston":38,"minecraft:yellow_terracotta":1,"minecraft:pink_shulker_box":7,"minecraft:blue_stained_glass_pane":2,"minecraft:shulker_box":648,"minecraft:nether_bricks":157,"minecraft:allium":2,"minecraft:jungle_planks":24,"minecraft:crimson_roots":6,"minecraft:orange_shulker_box":33,"minecraft:moss_block":3,"minecraft:kelp":270,"minecraft:jungle_sapling":2,"minecraft:snow":363,"minecraft:acacia_wood":7,"minecraft:diamond_block":1,"minecraft:warped_stem":22,"minecraft:bamboo_sapling":5,"minecraft:bamboo":480,"minecraft:white_wool":182,"minecraft:brain_coral":1,"minecraft:smithing_table":1,"minecraft:light_gray_carpet":127,"minecraft:comparator":23,"minecraft:stone_brick_slab":6,"minecraft:observer":74,"minecraft:jungle_sign":12,"minecraft:smooth_sandstone":322,"minecraft:short_grass":1101,"minecraft:emerald_ore":3,"minecraft:sponge":340,"minecraft:dropper":8,"minecraft:big_dripleaf":2,"minecraft:prismarine_brick_slab":41,"minecraft:white_carpet":55,"minecraft:spruce_log":755,"minecraft:birch_leaves":723,"minecraft:red_wall_banner":1,"minecraft:mycelium":390,"minecraft:acacia_door":2,"minecraft:dripstone_block":4,"minecraft:acacia_planks":26,"minecraft:infested_stone":1,"minecraft:black_shulker_box":159,"minecraft:spruce_planks":188,"minecraft:cobblestone_stairs":29,"minecraft:grass_block":20027,"minecraft:soul_soil":2,"minecraft:mud_bricks":1,"minecraft:sandstone_stairs":12,"minecraft:smooth_stone":17,"minecraft:glowstone":17,"minecraft:iron_ore":1588,"minecraft:black_carpet":47,"minecraft:anvil":6,"minecraft:azure_bluet":31,"minecraft:dark_oak_stairs":337,"minecraft:birch_wall_sign":1,"minecraft:azalea_leaves":4,"minecraft:end_stone_bricks":47,"minecraft:polished_granite_stairs":21,"minecraft:blue_banner":2,"minecraft:blackstone":499,"minecraft:cyan_terracotta":3,"minecraft:clay":84,"minecraft:calcite":369,"minecraft:poppy":35,"minecraft:chest":215,"minecraft:mushroom_stem":182,"minecraft:cobblestone":87881,"minecraft:slime_block":14,"minecraft:grindstone":2,"minecraft:prismarine":696,"minecraft:iron_door":10,"minecraft:deepslate_copper_ore":18,"minecraft:pink_petals":2,"minecraft:seagrass":91,"minecraft:acacia_sapling":16,"minecraft:dark_oak_door":1,"minecraft:nether_wart_block":4,"minecraft:yellow_wool":6,"minecraft:birch_log":520,"minecraft:orange_tulip":30,"minecraft:purpur_block":2,"minecraft:acacia_fence":2,"minecraft:sand":20052,"minecraft:tripwire_hook":1,"minecraft:wither_skeleton_skull":1,"minecraft:netherrack":22469,"minecraft:oak_leaves":1723,"minecraft:emerald_block":469,"minecraft:nether_gold_ore":240,"minecraft:diamond_ore":109,"minecraft:red_carpet":1,"minecraft:tuff":2443,"minecraft:deepslate_diamond_ore":17,"minecraft:oak_door":6,"minecraft:gray_shulker_box":101,"minecraft:white_stained_glass":23,"minecraft:rooted_dirt":58,"minecraft:mangrove_propagule":5,"minecraft:sandstone":18388,"minecraft:large_fern":14,"minecraft:spore_blossom":2,"minecraft:oak_trapdoor":1,"minecraft:spruce_sapling":7,"minecraft:furnace":11,"minecraft:carrots":64,"minecraft:acacia_stairs":5,"minecraft:dark_oak_fence_gate":5,"minecraft:stripped_spruce_log":12,"minecraft:black_concrete":41,"minecraft:bell":6,"minecraft:polished_deepslate":10,"minecraft:lantern":3,"minecraft:stripped_acacia_log":66,"minecraft:packed_ice":11,"minecraft:chorus_plant":6,"minecraft:white_tulip":33,"minecraft:stone":149483,"minecraft:yellow_shulker_box":144,"minecraft:redstone_wall_torch":9,"minecraft:podzol":2,"minecraft:light_blue_shulker_box":152,"minecraft:flowering_azalea":2,"minecraft:infested_stone_bricks":5,"minecraft:spruce_door":7,"minecraft:red_banner":18,"minecraft:crafting_table":31,"minecraft:blackstone_slab":1,"minecraft:oak_wood":2,"minecraft:andesite_slab":6,"minecraft:sculk_sensor":15,"minecraft:lectern":282,"minecraft:andesite_wall":1,"minecraft:lapis_ore":68,"minecraft:lily_pad":30,"minecraft:sculk":1,"minecraft:spruce_stairs":41,"minecraft:gray_wool":15,"minecraft:cactus":8,"minecraft:lime_bed":1,"minecraft:green_shulker_box":54,"minecraft:acacia_fence_gate":2,"minecraft:redstone_torch":20,"minecraft:sweet_berry_bush":3,"minecraft:yellow_bed":9,"minecraft:coal_ore":3938,"minecraft:end_rod":2,"minecraft:gray_carpet":104,"minecraft:lodestone":2,"minecraft:terracotta":2,"minecraft:polished_andesite":818,"minecraft:acacia_wall_sign":1},"minecraft:killed":{"minecraft:cod":33,"minecraft:guardian":285,"minecraft:tropical_fish":8,"minecraft:parrot":7,"minecraft:elder_guardian":9,"minecraft:salmon":8,"minecraft:iron_golem":4,"minecraft:ender_dragon":5,"minecraft:pillager":61,"minecraft:goat":1,"minecraft:donkey":3,"minecraft:zombie":1530,"minecraft:evoker":10,"minecraft:vindicator":52,"minecraft:husk":33,"minecraft:rabbit":4,"minecraft:ravager":4,"minecraft:polar_bear":1,"minecraft:zombified_piglin":5,"minecraft:witch":23,"minecraft:spider":401,"minecraft:wither":359,"minecraft:silverfish":27,"minecraft:piglin":53,"minecraft:zombie_villager":38,"minecraft:sheep":83,"minecraft:trader_llama":45,"minecraft:ghast":11,"minecraft:vex":13,"minecraft:slime":2627,"minecraft:drowned":170,"minecraft:hoglin":15,"minecraft:squid":23,"minecraft:wither_skeleton":24,"minecraft:villager":5,"minecraft:cave_spider":3,"minecraft:dolphin":4,"minecraft:shulker":15,"minecraft:pufferfish":1,"minecraft:skeleton":823,"minecraft:chicken":16,"minecraft:magma_cube":82,"minecraft:glow_squid":2,"minecraft:cow":68,"minecraft:horse":17,"minecraft:ocelot":3,"minecraft:wandering_trader":21,"minecraft:enderman":134,"minecraft:turtle":1,"minecraft:pig":200,"minecraft:strider":4,"minecraft:creeper":560,"minecraft:stray":5,"minecraft:blaze":56,"minecraft:phantom":710,"minecraft:llama":3,"minecraft:bat":38},"minecraft:custom":{"minecraft:interact_with_crafting_table":869,"minecraft:damage_blocked_by_shield":180,"minecraft:play_time":30232120,"minecraft:deaths":88,"minecraft:jump":254089,"minecraft:play_record":13,"minecraft:interact_with_cartography_table":26,"minecraft:interact_with_smoker":13,"minecraft:inspect_dispenser":165,"minecraft:horse_one_cm":5030225,"minecraft:inspect_dropper":111,"minecraft:interact_with_anvil":551,"minecraft:inspect_hopper":2862,"minecraft:tune_noteblock":27886,"minecraft:time_since_rest":12667,"minecraft:swim_one_cm":2355757,"minecraft:open_chest":15884,"minecraft:open_shulker_box":16089,"minecraft:damage_resisted":79155,"minecraft:talked_to_villager":349,"minecraft:interact_with_brewingstand":37,"minecraft:interact_with_beacon":100,"minecraft:raid_win":1,"minecraft:boat_one_cm":2149289,"minecraft:damage_taken":201526,"minecraft:aviate_one_cm":447569870,"minecraft:open_barrel":1267,"minecraft:bell_ring":96,"minecraft:eat_cake_slice":17,"minecraft:leave_game":1661,"minecraft:time_since_death":12647,"minecraft:enchant_item":50,"minecraft:interact_with_furnace":758,"minecraft:traded_with_villager":106,"minecraft:sleep_in_bed":451,"minecraft:damage_dealt":1845267,"minecraft:interact_with_smithing_table":83,"minecraft:damage_dealt_absorbed":22044,"minecraft:sneak_time":1102774,"minecraft:interact_with_lectern":19,"minecraft:interact_with_blast_furnace":48,"minecraft:total_world_time":12280560,"minecraft:interact_with_stonecutter":171,"minecraft:fly_one_cm":251465357,"minecraft:fish_caught":462,"minecraft:fall_one_cm":8890444,"minecraft:animals_bred":11,"minecraft:sprint_one_cm":65591496,"minecraft:drop":4935,"minecraft:walk_on_water_one_cm":2870674,"minecraft:interact_with_loom":50,"minecraft:open_enderchest":2232,"minecraft:player_kills":23,"minecraft:crouch_one_cm":4140330,"minecraft:mob_kills":9329,"minecraft:climb_one_cm":967742,"minecraft:walk_one_cm":213378403,"minecraft:walk_under_water_one_cm":37406954,"minecraft:raid_trigger":1,"minecraft:interact_with_grindstone":93,"minecraft:damage_absorbed":68779,"minecraft:trigger_trapped_chest":1},"minecraft:used":{"minecraft:writable_book":25,"minecraft:polished_granite_stairs":21,"minecraft:chiseled_deepslate":1,"minecraft:dispenser":52,"minecraft:poppy":2,"minecraft:black_carpet":1376,"minecraft:stone":16097,"minecraft:warped_sign":21,"minecraft:farmland":27,"minecraft:rotten_flesh":25,"minecraft:soul_sand":624,"minecraft:lily_of_the_valley":4,"minecraft:cut_copper":1,"minecraft:cracked_deepslate_tiles":1,"minecraft:deepslate_brick_slab":1,"minecraft:snowball":13,"minecraft:azure_bluet":1,"minecraft:weeping_vines":6,"minecraft:spruce_boat":3,"minecraft:polished_blackstone_slab":11,"minecraft:jungle_sapling":24,"minecraft:packed_ice":4,"minecraft:stripped_dark_oak_wood":6,"minecraft:lava_bucket":1088,"minecraft:quartz_pillar":16,"minecraft:villager_spawn_egg":5,"minecraft:music_disc_pigstep":3,"minecraft:deepslate_copper_ore":1,"minecraft:quartz_block":130,"minecraft:netherite_hoe":506,"minecraft:dark_oak_slab":29,"minecraft:netherite_boots":2,"minecraft:bow":4359,"minecraft:oak_sapling":127,"minecraft:cooked_cod":40,"minecraft:acacia_fence":55,"minecraft:dark_prismarine_stairs":427,"minecraft:mossy_stone_bricks":2,"minecraft:damaged_anvil":1,"minecraft:chorus_fruit":10,"minecraft:prismarine":1,"minecraft:blackstone":451,"minecraft:cactus":2,"minecraft:wooden_pickaxe":111,"minecraft:clay":10,"minecraft:glow_berries":1,"minecraft:cut_sandstone_slab":16,"minecraft:blast_furnace":5,"minecraft:acacia_leaves":252,"minecraft:chiseled_quartz_block":10,"minecraft:deepslate_brick_stairs":1,"minecraft:deepslate_iron_ore":2,"minecraft:oak_pressure_plate":3,"minecraft:flowering_azalea_leaves":1,"minecraft:diamond_sword":5785,"minecraft:smithing_table":8,"minecraft:birch_log":12,"minecraft:oak_boat":3,"minecraft:compass":6,"minecraft:oak_trapdoor":2,"minecraft:stripped_acacia_wood":9,"minecraft:enchanting_table":5,"minecraft:armor_stand":6,"minecraft:light_gray_carpet":4189,"minecraft:tinted_glass":1,"minecraft:cooked_salmon":21,"minecraft:torch":3742,"minecraft:brewing_stand":3,"minecraft:nether_quartz_ore":48,"minecraft:sea_lantern":124,"minecraft:chipped_anvil":1,"minecraft:iron_block":230,"minecraft:jungle_log":30,"minecraft:barrel":139,"minecraft:bamboo":121,"minecraft:basalt":106,"minecraft:warped_stairs":50,"minecraft:trapped_chest":1,"minecraft:acacia_planks":19,"minecraft:deepslate_emerald_ore":1,"minecraft:calcite":210,"minecraft:wheat_seeds":263,"minecraft:warped_stem":1,"minecraft:light_blue_shulker_box":176,"minecraft:birch_planks":74,"minecraft:spruce_fence_gate":1,"minecraft:gold_ore":161,"minecraft:deepslate_bricks":3,"minecraft:conduit":1,"minecraft:polished_deepslate_slab":1,"minecraft:diamond_block":560,"minecraft:rail":248,"minecraft:red_bed":22,"minecraft:white_bed":50,"minecraft:campfire":4,"minecraft:spruce_log":107,"minecraft:blue_stained_glass_pane":2,"minecraft:diamond_pickaxe":36425,"minecraft:diamond_shovel":9115,"minecraft:acacia_sign":23,"minecraft:spruce_trapdoor":5,"minecraft:spruce_sapling":49,"minecraft:green_carpet":2481,"minecraft:potion":18,"minecraft:azalea_leaves":1,"minecraft:cooked_porkchop":1036,"minecraft:andesite_stairs":23,"minecraft:stripped_oak_log":8,"minecraft:brush":99,"minecraft:dandelion":2,"minecraft:cherry_sapling":1,"minecraft:blue_terracotta":124,"minecraft:polished_deepslate":51,"minecraft:bone_block":15,"minecraft:polished_basalt":48,"minecraft:axolotl_spawn_egg":172,"minecraft:jungle_planks":671,"minecraft:music_disc_13":1,"minecraft:obsidian":64874,"minecraft:spruce_wood":33,"minecraft:lantern":60,"minecraft:warped_nylium":24,"minecraft:light_blue_bed":1,"minecraft:raw_gold_block":1,"minecraft:item_frame":179,"minecraft:deepslate_diamond_ore":1,"minecraft:golden_sword":10,"minecraft:written_book":11,"minecraft:blue_shulker_box":83,"minecraft:gold_block":423,"minecraft:dark_oak_sapling":11,"minecraft:dropper":95,"minecraft:wither_skeleton_skull":485,"minecraft:stripped_acacia_log":95,"minecraft:gray_carpet":5234,"minecraft:stone_pickaxe":920,"minecraft:oak_planks":568,"minecraft:polished_diorite_slab":542,"minecraft:sandstone":964,"minecraft:chainmail_helmet":1,"minecraft:sugar_cane":72,"minecraft:diamond_axe":6512,"minecraft:white_wool":199,"minecraft:netherite_leggings":2,"minecraft:crossbow":1,"minecraft:ochre_froglight":2,"minecraft:deepslate_lapis_ore":1,"minecraft:end_stone":306,"minecraft:creeper_spawn_egg":22,"minecraft:sticky_piston":51,"minecraft:black_terracotta":24,"minecraft:lever":5,"minecraft:dark_oak_log":1461,"minecraft:bread":8,"minecraft:warped_slab":21,"minecraft:iron_door":12,"minecraft:deepslate":380,"minecraft:cooked_rabbit":5,"minecraft:chain":13,"minecraft:smooth_stone_slab":335,"minecraft:coarse_dirt":23,"minecraft:bone_meal":553,"minecraft:netherite_sword":11204,"minecraft:rose_bush":1,"minecraft:white_tulip":4,"minecraft:flint_and_steel":1684,"minecraft:dried_kelp":29,"minecraft:redstone":542,"minecraft:ender_chest":4751,"minecraft:brown_shulker_box":129,"minecraft:deepslate_gold_ore":89,"minecraft:stone_hoe":1,"minecraft:cooked_chicken":2,"minecraft:dirt":11403,"minecraft:prismarine_bricks":452,"minecraft:bee_nest":2,"minecraft:spruce_fence":54,"minecraft:iron_hoe":10,"minecraft:wooden_axe":6,"minecraft:oak_stairs":209,"minecraft:crimson_slab":12,"minecraft:dark_oak_pressure_plate":3,"minecraft:netherite_pickaxe":328053,"minecraft:minecart":7,"minecraft:cooked_beef":718,"minecraft:turtle_egg":3,"minecraft:enchanted_golden_apple":935,"minecraft:quartz_bricks":161,"minecraft:cobblestone_stairs":324,"minecraft:lodestone":38,"minecraft:snow_block":16,"minecraft:baked_potato":3,"minecraft:birch_boat":11,"minecraft:cut_sandstone":208,"minecraft:spruce_sign":47,"minecraft:llama_spawn_egg":49,"minecraft:warped_roots":1,"minecraft:music_disc_cat":6,"minecraft:dark_prismarine_slab":144,"minecraft:red_mushroom":60,"minecraft:bamboo_block":2,"minecraft:warped_planks":51,"minecraft:netherite_block":25690,"minecraft:piston":33,"minecraft:wooden_hoe":9,"minecraft:flower_pot":1,"minecraft:black_wool":4046,"minecraft:stone_slab":37,"minecraft:golden_leggings":2,"minecraft:yellow_wool":6,"minecraft:stone_axe":121,"minecraft:crimson_fungus":2,"minecraft:end_crystal":1933,"minecraft:cobbled_deepslate_slab":1,"minecraft:pink_shulker_box":11,"minecraft:wither_rose":5,"minecraft:sea_pickle":22,"minecraft:gray_wool":14,"minecraft:peony":32,"minecraft:music_disc_far":1,"minecraft:polished_blackstone":3,"minecraft:spruce_slab":113,"minecraft:elytra":1707,"minecraft:ladder":387,"minecraft:chest":1708,"minecraft:brown_concrete":387,"minecraft:white_shulker_box":116,"minecraft:skeleton_spawn_egg":1,"minecraft:orange_wool":12,"minecraft:acacia_sapling":118,"minecraft:stripped_spruce_log":6,"minecraft:honey_block":11,"minecraft:netherite_shovel":65391,"minecraft:grass_block":3131,"minecraft:birch_sapling":10,"minecraft:orange_shulker_box":41,"minecraft:copper_ore":1,"minecraft:wet_sponge":1,"minecraft:stone_brick_stairs":347,"minecraft:blue_banner":6,"minecraft:dark_oak_boat":1,"minecraft:furnace":57,"minecraft:egg":3778,"minecraft:dragon_head":3,"minecraft:dead_brain_coral_fan":6,"minecraft:brown_concrete_powder":24,"minecraft:light_blue_carpet":121,"minecraft:diorite":762,"minecraft:end_stone_bricks":273,"minecraft:spruce_door":6,"minecraft:cut_copper_slab":1,"minecraft:acacia_trapdoor":20,"minecraft:powered_rail":46,"minecraft:orange_tulip":6,"minecraft:oak_leaves":79,"minecraft:respawn_anchor":21,"minecraft:dark_oak_trapdoor":30,"minecraft:sand":13565,"minecraft:netherite_helmet":2,"minecraft:black_concrete_powder":8,"minecraft:deepslate_tiles":1,"minecraft:crying_obsidian":10,"minecraft:stone_button":40,"minecraft:cyan_carpet":2172,"minecraft:spore_blossom":6,"minecraft:lectern":284,"minecraft:polished_granite":623,"minecraft:diamond_ore":1,"minecraft:polished_andesite_slab":80,"minecraft:soul_lantern":23,"minecraft:dark_oak_fence":3,"minecraft:white_stained_glass":151,"minecraft:iron_bars":30,"minecraft:acacia_log":1246,"minecraft:red_concrete":434,"minecraft:mycelium":59,"minecraft:netherrack":2252,"minecraft:orange_bed":10,"minecraft:light_gray_shulker_box":281,"minecraft:anvil":135,"minecraft:warped_wart_block":2,"minecraft:ancient_debris":87,"minecraft:twisting_vines":6,"minecraft:stone_stairs":3,"minecraft:nether_brick_slab":180,"minecraft:nether_brick_stairs":233,"minecraft:polished_diorite":564,"minecraft:shroomlight":125,"minecraft:red_shulker_box":296,"minecraft:flowering_azalea":6,"minecraft:cyan_shulker_box":83,"minecraft:iron_axe":129,"minecraft:slime_block":41,"minecraft:spawner":40,"minecraft:chicken_spawn_egg":90,"minecraft:totem_of_undying":176,"minecraft:melon_seeds":171,"minecraft:smooth_basalt":3,"minecraft:tripwire_hook":1,"minecraft:glowstone":13,"minecraft:raw_copper_block":2,"minecraft:gray_glazed_terracotta":1,"minecraft:iron_trapdoor":10,"minecraft:goat_horn":27,"minecraft:acacia_wood":77,"minecraft:cobbled_deepslate":315,"minecraft:orange_terracotta":1,"minecraft:observer":167,"minecraft:pointed_dripstone":26,"minecraft:water_bucket":780,"minecraft:yellow_banner":1,"minecraft:sandstone_stairs":146,"minecraft:prismarine_brick_slab":221,"minecraft:yellow_shulker_box":172,"minecraft:cartography_table":7,"minecraft:horse_spawn_egg":4,"minecraft:polished_blackstone_bricks":4,"minecraft:cracked_stone_bricks":18,"minecraft:gilded_blackstone":13,"minecraft:mossy_cobblestone":1,"minecraft:comparator":231,"minecraft:vine":29,"minecraft:tnt":37255,"minecraft:crafting_table":94,"minecraft:oak_slab":459,"minecraft:birch_sign":20,"minecraft:cod":4,"minecraft:dark_oak_fence_gate":84,"minecraft:lime_shulker_box":96,"minecraft:cake":43,"minecraft:bat_spawn_egg":3,"minecraft:oak_log":345,"minecraft:dark_prismarine":160,"minecraft:ender_eye":61,"minecraft:cornflower":7,"minecraft:oxeye_daisy":3,"minecraft:sunflower":9,"minecraft:mangrove_propagule":1,"minecraft:iron_pickaxe":1858,"minecraft:music_disc_blocks":1,"minecraft:crimson_nylium":21,"minecraft:crimson_sign":4,"minecraft:chiseled_stone_bricks":683,"minecraft:cobblestone":75643,"minecraft:acacia_pressure_plate":1,"minecraft:red_concrete_powder":8,"minecraft:glass_pane":4,"minecraft:end_portal_frame":173,"minecraft:jukebox":3,"minecraft:kelp":45,"minecraft:candle":24,"minecraft:iron_shovel":39,"minecraft:carrot_on_a_stick":1,"minecraft:diamond_hoe":63,"minecraft:oak_sign":103,"minecraft:white_concrete_powder":8,"minecraft:shield":2,"minecraft:white_terracotta":253,"minecraft:zombie_spawn_egg":46,"minecraft:iron_sword":87,"minecraft:purple_shulker_box":111,"minecraft:bell":3,"minecraft:player_head":48,"minecraft:mooshroom_spawn_egg":1,"minecraft:nether_bricks":278,"minecraft:prismarine_brick_stairs":862,"minecraft:carrot":161,"minecraft:deepslate_tile_slab":1,"minecraft:tuff":50,"minecraft:milk_bucket":3,"minecraft:polished_deepslate_stairs":1,"minecraft:glass":47,"minecraft:coal_ore":41,"minecraft:iron_helmet":1,"minecraft:dark_oak_wood":16,"minecraft:crimson_roots":2,"minecraft:stone_bricks":9244,"minecraft:slime_spawn_egg":49,"minecraft:bedrock":196,"minecraft:repeater":214,"minecraft:red_carpet":3,"minecraft:warped_fungus":4,"minecraft:scaffolding":93,"minecraft:gray_bed":1,"minecraft:beetroot_seeds":11,"minecraft:polished_diorite_stairs":60,"minecraft:large_fern":1,"minecraft:stripped_spruce_wood":14,"minecraft:dark_oak_stairs":1652,"minecraft:dark_oak_sign":33,"minecraft:ender_pearl":56,"minecraft:redstone_block":318,"minecraft:blue_bed":2,"minecraft:yellow_terracotta":1,"minecraft:loom":6,"minecraft:black_banner":83,"minecraft:light_gray_terracotta":47,"minecraft:deepslate_redstone_ore":1,"minecraft:sponge":1073,"minecraft:black_bed":19,"minecraft:note_block":4,"minecraft:dripstone_block":34,"minecraft:stone_brick_wall":182,"minecraft:cobbled_deepslate_stairs":2,"minecraft:shears":3111,"minecraft:redstone_torch":279,"minecraft:black_concrete":486,"minecraft:firework_rocket":252,"minecraft:gray_shulker_box":132,"minecraft:melon_slice":83,"minecraft:string":1,"minecraft:brown_stained_glass":3,"minecraft:gravel":991,"minecraft:jungle_sign":11,"minecraft:grindstone":4,"minecraft:oak_fence":64,"minecraft:deepslate_coal_ore":2,"minecraft:andesite":1120,"minecraft:jungle_leaves":2,"minecraft:white_concrete":1034,"minecraft:azalea":5,"minecraft:experience_bottle":14698,"minecraft:cobweb":314,"minecraft:petrified_oak_slab":113,"minecraft:trident":115,"minecraft:music_disc_otherside":1,"minecraft:cracked_deepslate_bricks":1,"minecraft:redstone_ore":2,"minecraft:stone_shovel":31,"minecraft:zombie_villager_spawn_egg":19,"minecraft:light_blue_terracotta":106,"minecraft:spruce_planks":1036,"minecraft:cut_copper_stairs":1,"minecraft:oak_door":9,"minecraft:white_carpet":2093,"minecraft:hopper":1357,"minecraft:spruce_stairs":20,"minecraft:cobblestone_wall":53,"minecraft:oak_wood":4,"minecraft:diamond_helmet":1,"minecraft:shulker_box":643,"minecraft:granite":1204,"minecraft:raw_iron_block":1,"minecraft:light_blue_stained_glass":98,"minecraft:purple_banner":26,"minecraft:andesite_wall":19,"minecraft:stone_brick_slab":93,"minecraft:dark_oak_planks":997,"minecraft:bookshelf":64,"minecraft:golden_carrot":112,"minecraft:emerald_block":553,"minecraft:wolf_spawn_egg":5,"minecraft:stone_pressure_plate":124,"minecraft:brown_bed":3,"minecraft:brain_coral_block":1,"minecraft:pink_tulip":2,"minecraft:cooked_mutton":6,"minecraft:iron_ore":9,"minecraft:amethyst_block":1,"minecraft:glass_bottle":15,"minecraft:netherite_chestplate":1713,"minecraft:polished_andesite":2821,"minecraft:andesite_slab":136,"minecraft:copper_block":6,"minecraft:black_shulker_box":163,"minecraft:stonecutter":25,"minecraft:beacon":151,"minecraft:cobblestone_slab":5606,"minecraft:glow_item_frame":1,"minecraft:stripped_dark_oak_log":171,"minecraft:terracotta":1,"minecraft:lime_bed":1,"minecraft:smoker":1,"minecraft:dark_oak_door":5,"minecraft:acacia_stairs":8,"minecraft:apple":2,"minecraft:cracked_polished_blackstone_bricks":1,"minecraft:map":37,"minecraft:netherite_axe":5362,"minecraft:acacia_fence_gate":5,"minecraft:fishing_rod":776,"minecraft:green_shulker_box":65,"minecraft:white_banner":14,"minecraft:jungle_door":1,"minecraft:red_banner":1,"minecraft:bucket":320,"minecraft:yellow_bed":5,"minecraft:smooth_stone":1000,"minecraft:splash_potion":131,"minecraft:soul_torch":29,"minecraft:chainmail_leggings":1},"minecraft:killed_by":{"minecraft:zombie":10,"minecraft:wither":2,"minecraft:drowned":3,"minecraft:skeleton":4,"minecraft:ender_dragon":1,"minecraft:player":18},"minecraft:picked_up":{"minecraft:smithing_table":1,"minecraft:lead":35,"minecraft:stone_slab":9,"minecraft:enchanted_book":141,"minecraft:purple_shulker_box":118,"minecraft:polished_deepslate":9,"minecraft:music_disc_cat":6,"minecraft:string":727,"minecraft:wayfinder_armor_trim_smithing_template":2,"minecraft:pufferfish":58,"minecraft:shroomlight":1,"minecraft:sculk_shrieker":2,"minecraft:diamond_leggings":15,"minecraft:crimson_sign":4,"minecraft:diamond_ore":30,"minecraft:big_dripleaf":6,"minecraft:acacia_log":1157,"minecraft:brick_wall":32,"minecraft:end_crystal":1256,"minecraft:golden_chestplate":11,"minecraft:gray_shulker_box":135,"minecraft:yellow_banner":1,"minecraft:orange_bed":17,"minecraft:stone_sword":2,"minecraft:vex_armor_trim_smithing_template":1,"minecraft:red_tulip":1,"minecraft:glowstone":72,"minecraft:bookshelf":67,"minecraft:end_rod":2,"minecraft:white_terracotta":98,"minecraft:blaze_rod":220,"minecraft:iron_bars":9,"minecraft:snowball":222,"minecraft:sponge":343,"minecraft:cooked_beef":296,"minecraft:feather":42,"minecraft:water_bucket":8,"minecraft:brown_wool":128,"minecraft:copper_block":10,"minecraft:flint":219,"minecraft:purple_stained_glass":1,"minecraft:lantern":70,"minecraft:stonecutter":19,"minecraft:dark_oak_sign":9,"minecraft:diamond_helmet":15,"minecraft:rabbit":3,"minecraft:stripped_acacia_wood":9,"minecraft:stripped_spruce_log":12,"minecraft:acacia_stairs":5,"minecraft:netherite_block":2001,"minecraft:polished_andesite":1001,"minecraft:blue_terracotta":8,"minecraft:deepslate":11224,"minecraft:lever":4,"minecraft:granite":7065,"minecraft:cyan_dye":1,"minecraft:blue_banner":2,"minecraft:rooted_dirt":58,"minecraft:deepslate_coal_ore":8,"minecraft:light_gray_carpet":5165,"minecraft:crimson_roots":10,"minecraft:diamond_pickaxe":12,"minecraft:bee_nest":3,"minecraft:clay_ball":292,"minecraft:leather_leggings":6,"minecraft:dragon_head":3,"minecraft:purpur_block":1,"minecraft:cornflower":32,"minecraft:elytra":21,"minecraft:acacia_door":2,"minecraft:flint_and_steel":14,"minecraft:white_carpet":2332,"minecraft:white_stained_glass":85,"minecraft:iron_shovel":2,"minecraft:glass_pane":2,"minecraft:netherite_sword":21,"minecraft:jungle_sapling":20,"minecraft:poppy":54,"minecraft:spruce_slab":13,"minecraft:minecart":4,"minecraft:birch_sapling":86,"minecraft:piston":162,"minecraft:copper_ore":56,"minecraft:lime_shulker_box":209,"minecraft:black_stained_glass":52,"minecraft:stone":91451,"minecraft:music_disc_mellohi":1,"minecraft:white_dye":1,"minecraft:netherite_pickaxe":204,"minecraft:cyan_shulker_box":79,"minecraft:jungle_sign":13,"minecraft:diamond_chestplate":8,"minecraft:hay_block":1,"minecraft:yellow_terracotta":65,"minecraft:totem_of_undying":45,"minecraft:mutton":61,"minecraft:oxeye_daisy":32,"minecraft:rail":373,"minecraft:bone_block":52,"minecraft:emerald_ore":2,"minecraft:heartbreak_pottery_sherd":1,"minecraft:birch_leaves":69,"minecraft:yellow_shulker_box":167,"minecraft:tripwire_hook":70,"minecraft:yellow_dye":7,"minecraft:blackstone_slab":2,"minecraft:acacia_wood":7,"minecraft:end_portal_frame":665,"minecraft:lily_pad":24,"minecraft:spawner":11,"minecraft:apple":47,"minecraft:warped_stem":22,"minecraft:spore_blossom":3,"minecraft:stone_pickaxe":2,"minecraft:iron_ore":1367,"minecraft:dark_oak_stairs":386,"minecraft:smooth_basalt":144,"minecraft:sweet_berries":7,"minecraft:red_wool":128,"minecraft:light_blue_stained_glass":3,"minecraft:crying_obsidian":26,"minecraft:leather_helmet":3,"minecraft:oak_wood":2,"minecraft:diamond_shovel":6,"minecraft:coal_ore":1746,"minecraft:slime_ball":3499,"minecraft:short_grass":4,"minecraft:deepslate_redstone_ore":46,"minecraft:birch_sign":260,"minecraft:lodestone":250,"minecraft:baked_potato":6,"minecraft:smooth_quartz_slab":53,"minecraft:hopper":230,"minecraft:black_carpet":1606,"minecraft:ender_chest":783,"minecraft:nether_brick_fence":9,"minecraft:yellow_wool":134,"minecraft:gilded_blackstone":12,"minecraft:stone_brick_stairs":68,"minecraft:lapis_block":130,"minecraft:deepslate_lapis_ore":11,"minecraft:purple_banner":36,"minecraft:experience_bottle":1332,"minecraft:smooth_stone":234,"minecraft:comparator":204,"minecraft:bucket":6,"minecraft:eye_armor_trim_smithing_template":2,"minecraft:red_dye":3,"minecraft:white_tulip":173,"minecraft:rose_bush":14,"minecraft:cobblestone_slab":207,"minecraft:ender_eye":72,"minecraft:azalea":4,"minecraft:iron_pickaxe":1,"minecraft:smooth_quartz":213,"minecraft:deepslate_iron_ore":23,"minecraft:blue_wool":128,"minecraft:tipped_arrow":194,"minecraft:acacia_fence":3,"minecraft:spruce_stairs":45,"minecraft:netherite_shovel":144,"minecraft:diorite":7688,"minecraft:vine":4,"minecraft:andesite_wall":35,"minecraft:rotten_flesh":2428,"minecraft:brown_shulker_box":139,"minecraft:deepslate_copper_ore":18,"minecraft:obsidian":40811,"minecraft:cobblestone":92717,"minecraft:enchanting_table":3,"minecraft:pink_petals":6,"minecraft:leather_chestplate":2,"minecraft:raiser_armor_trim_smithing_template":6,"minecraft:repeater":196,"minecraft:warped_fungus_on_a_stick":60,"minecraft:andesite":7503,"minecraft:black_bed":5,"minecraft:golden_leggings":17,"minecraft:beacon":202,"minecraft:potato":30,"minecraft:smooth_sandstone_stairs":22,"minecraft:prismarine_bricks":744,"minecraft:dirt":36009,"minecraft:name_tag":8,"minecraft:glass":438,"minecraft:bone":2772,"minecraft:acacia_planks":913,"minecraft:bow":129,"minecraft:wheat_seeds":735,"minecraft:orange_tulip":44,"minecraft:grindstone":2,"minecraft:netherite_axe":79,"minecraft:mossy_stone_bricks":151,"minecraft:fletching_table":2,"minecraft:bamboo":4898,"minecraft:prismarine":331,"minecraft:axolotl_spawn_egg":1986,"minecraft:brown_stained_glass":1,"minecraft:gray_stained_glass":59,"minecraft:light_blue_shulker_box":182,"minecraft:nether_brick_stairs":90,"minecraft:grass_block":4569,"minecraft:diamond_block":343,"minecraft:mossy_cobblestone":132,"minecraft:jungle_leaves":1,"minecraft:light_gray_terracotta":65,"minecraft:sugar":547,"minecraft:light_blue_terracotta":7,"minecraft:slime_block":77,"minecraft:netherite_helmet":16,"minecraft:yellow_stained_glass_pane":1,"minecraft:cracked_polished_blackstone_bricks":8,"minecraft:crossbow":9,"minecraft:bone_meal":1,"minecraft:golden_apple":1,"minecraft:spruce_sign":7,"minecraft:emerald":137,"minecraft:netherrack":19628,"minecraft:chorus_fruit":99,"minecraft:andesite_slab":8,"minecraft:oak_leaves":2087,"minecraft:azure_bluet":41,"minecraft:ladder":160,"minecraft:packed_ice":11,"minecraft:pink_wool":117,"minecraft:stone_brick_wall":49,"minecraft:shield":2,"minecraft:brick":64,"minecraft:oak_trapdoor":4,"minecraft:mycelium":355,"minecraft:birch_fence":10,"minecraft:magenta_wool":128,"minecraft:blackstone":780,"minecraft:blue_orchid":5,"minecraft:lime_wool":128,"minecraft:end_stone":4768,"minecraft:polished_blackstone_bricks":7,"minecraft:trident":8,"minecraft:stone_pressure_plate":56,"minecraft:weeping_vines":1,"minecraft:red_shulker_box":272,"minecraft:nether_bricks":159,"minecraft:stripped_dark_oak_wood":22,"minecraft:pink_tulip":31,"minecraft:black_banner":2,"minecraft:petrified_oak_slab":3,"minecraft:skeleton_skull":40,"minecraft:netherite_boots":24,"minecraft:basalt":851,"minecraft:golden_carrot":63,"minecraft:leather":218,"minecraft:bedrock":1,"minecraft:crimson_fungus":7,"minecraft:chainmail_chestplate":3,"minecraft:yellow_bed":6,"minecraft:cobblestone_wall":62,"minecraft:gunpowder":619,"minecraft:heart_pottery_sherd":2,"minecraft:orange_terracotta":65,"minecraft:cooked_mutton":128,"minecraft:red_carpet":2,"minecraft:coast_armor_trim_smithing_template":2,"minecraft:gray_carpet":5154,"minecraft:acacia_trapdoor":3,"minecraft:rabbit_hide":6,"minecraft:iron_ingot":143,"minecraft:cooked_chicken":5,"minecraft:prismarine_brick_slab":45,"minecraft:nether_quartz_ore":80,"minecraft:warped_fungus":24,"minecraft:emerald_block":1072,"minecraft:stone_brick_slab":16,"minecraft:quartz":53,"minecraft:dandelion":34,"minecraft:lava_bucket":5,"minecraft:red_banner":11,"minecraft:nether_brick_slab":10,"minecraft:spruce_door":10,"minecraft:polished_diorite_stairs":16,"minecraft:sculk_sensor":10,"minecraft:chainmail_leggings":2,"minecraft:cherry_sapling":2,"minecraft:terracotta":8,"minecraft:damaged_anvil":1,"minecraft:netherite_hoe":35,"minecraft:sunflower":41,"minecraft:seagrass":4,"minecraft:chainmail_boots":3,"minecraft:flower_pot":64,"minecraft:anvil":80,"minecraft:prismarine_shard":138,"minecraft:diamond_sword":20,"minecraft:oak_stairs":92,"minecraft:brown_bed":2,"minecraft:wither_rose":52,"minecraft:brewing_stand":2,"minecraft:golden_sword":3,"minecraft:amethyst_block":26,"minecraft:dark_oak_trapdoor":6,"minecraft:soul_soil":1492,"minecraft:blue_stained_glass_pane":2,"minecraft:beetroot":6,"minecraft:gold_nugget":16,"minecraft:cobbled_deepslate":7420,"minecraft:spruce_planks":1027,"minecraft:acacia_fence_gate":2,"minecraft:acacia_sign":1,"minecraft:written_book":42,"minecraft:enchanted_golden_apple":794,"minecraft:coal_block":44,"minecraft:melon_slice":201,"minecraft:dark_oak_door":2,"minecraft:golden_helmet":13,"minecraft:music_disc_blocks":1,"minecraft:composter":1,"minecraft:sandstone_wall":1,"minecraft:cherry_log":10,"minecraft:light_blue_wool":128,"minecraft:tropical_fish":14,"minecraft:blue_dye":8,"minecraft:iron_block":3050,"minecraft:netherite_chestplate":28,"minecraft:birch_log":2120,"minecraft:magma_block":46,"minecraft:polished_diorite_slab":35,"minecraft:iron_door":71,"minecraft:birch_slab":78,"minecraft:jungle_log":563,"minecraft:acacia_leaves":350,"minecraft:stripped_spruce_wood":25,"minecraft:netherite_leggings":22,"minecraft:map":102,"minecraft:brown_candle":1,"minecraft:stripped_bamboo_block":2,"minecraft:chipped_anvil":11,"minecraft:gray_terracotta":64,"minecraft:glowstone_dust":6,"minecraft:moss_block":6,"minecraft:warped_wart_block":69,"minecraft:dropper":172,"minecraft:ink_sac":71,"minecraft:loom":2,"minecraft:dark_oak_log":1965,"minecraft:barrel":15,"minecraft:stripped_acacia_log":66,"minecraft:dispenser":110,"minecraft:writable_book":4,"minecraft:deepslate_gold_ore":35,"minecraft:chainmail_helmet":4,"minecraft:bread":34,"minecraft:bricks":249,"minecraft:spruce_leaves":28,"minecraft:crafting_table":34,"minecraft:coarse_dirt":40,"minecraft:sandstone_slab":23,"minecraft:purple_wool":128,"minecraft:nether_wart":23,"minecraft:orange_stained_glass_pane":4,"minecraft:red_bed":20,"minecraft:snow":2,"minecraft:compass":2,"minecraft:cracked_stone_bricks":147,"minecraft:cartography_table":5,"minecraft:respawn_anchor":27,"minecraft:deepslate_diamond_ore":16,"minecraft:music_disc_otherside":2,"minecraft:beef":109,"minecraft:cyan_wool":128,"minecraft:iron_nugget":3,"minecraft:chest":1266,"minecraft:egg":22,"minecraft:sandstone":4644,"minecraft:oak_door":19,"minecraft:spruce_fence":1,"minecraft:carrot":244,"minecraft:redstone":945,"minecraft:mushroom_stem":47,"minecraft:prismarine_crystals":102,"minecraft:tnt":561,"minecraft:polished_granite_stairs":19,"minecraft:cooked_cod":106,"minecraft:beetroot_seeds":23,"minecraft:peony":36,"minecraft:shears":63,"minecraft:diamond_boots":19,"minecraft:sandstone_stairs":11,"minecraft:gold_ingot":285,"minecraft:white_shulker_box":133,"minecraft:glow_berries":8,"minecraft:white_wool":531,"minecraft:crimson_slab":12,"minecraft:lapis_ore":37,"minecraft:stripped_oak_log":23,"minecraft:red_mushroom":246,"minecraft:filled_map":101,"minecraft:brown_concrete":111,"minecraft:oak_log":2265,"minecraft:ancient_debris":222,"minecraft:golden_boots":8,"minecraft:white_banner":15,"minecraft:stone_bricks":1508,"minecraft:kelp":1544,"minecraft:creeper_spawn_egg":1,"minecraft:music_disc_far":2,"minecraft:cobweb":2865,"minecraft:glass_bottle":4,"minecraft:iron_sword":1,"minecraft:flowering_azalea":14,"minecraft:prismarine_brick_stairs":64,"minecraft:dark_oak_slab":3,"minecraft:gravel":2928,"minecraft:spruce_sapling":110,"minecraft:spruce_log":992,"minecraft:sea_lantern":77,"minecraft:firework_rocket":681,"minecraft:polished_diorite":355,"minecraft:light_blue_carpet":558,"minecraft:redstone_ore":271,"minecraft:diamond_axe":6,"minecraft:gray_wool":144,"minecraft:warped_roots":2,"minecraft:warped_nylium":12,"minecraft:stripped_dark_oak_log":243,"minecraft:crimson_nylium":20,"minecraft:mangrove_propagule":7,"minecraft:ender_pearl":253,"minecraft:shulker_shell":2156,"minecraft:wheat":84,"minecraft:redstone_block":1649,"minecraft:iron_trapdoor":70,"minecraft:light_gray_shulker_box":326,"minecraft:turtle_egg":7,"minecraft:potion":5,"minecraft:crimson_planks":2,"minecraft:raw_copper":182,"minecraft:smooth_stone_slab":92,"minecraft:armor_stand":24,"minecraft:sticky_piston":174,"minecraft:netherite_ingot":97,"minecraft:pink_shulker_box":10,"minecraft:oak_sign":20,"minecraft:black_shulker_box":178,"minecraft:dark_oak_leaves":2,"minecraft:redstone_torch":279,"minecraft:calcite":350,"minecraft:iron_boots":2,"minecraft:furnace":16,"minecraft:stick":770,"minecraft:orange_shulker_box":41,"minecraft:jungle_door":3,"minecraft:oak_fence":18,"minecraft:torch":2007,"minecraft:porkchop":24,"minecraft:dried_kelp":19,"minecraft:pointed_dripstone":1,"minecraft:music_disc_pigstep":4,"minecraft:quartz_block":4,"minecraft:nether_gold_ore":355,"minecraft:cactus":30,"minecraft:green_wool":128,"minecraft:spruce_hanging_sign":2,"minecraft:cod":311,"minecraft:nautilus_shell":4,"minecraft:magma_cream":49,"minecraft:magenta_dye":4,"minecraft:tuff":3020,"minecraft:danger_pottery_sherd":1,"minecraft:wither_skeleton_skull":6,"minecraft:green_shulker_box":69,"minecraft:lapis_lazuli":355,"minecraft:polished_granite":3,"minecraft:leather_boots":15,"minecraft:green_candle":2,"minecraft:raw_gold":59,"minecraft:bell":6,"minecraft:powered_rail":88,"minecraft:oak_planks":769,"minecraft:ghast_tear":9,"minecraft:black_terracotta":64,"minecraft:cooked_porkchop":895,"minecraft:music_disc_13":2,"minecraft:oak_pressure_plate":2,"minecraft:jungle_planks":26,"minecraft:sand":10296,"minecraft:lily_of_the_valley":54,"minecraft:shulker_box":799,"minecraft:orange_wool":120,"minecraft:dark_prismarine":134,"minecraft:dark_prismarine_slab":6,"minecraft:spruce_boat":1,"minecraft:diamond":136,"minecraft:black_concrete":83,"minecraft:white_concrete":53,"minecraft:oak_sapling":374,"minecraft:cocoa_beans":60,"minecraft:nether_star":76,"minecraft:end_stone_bricks":47,"minecraft:fishing_rod":50,"minecraft:charcoal":4,"minecraft:allium":2,"minecraft:chicken":16,"minecraft:wooden_pickaxe":2,"minecraft:cooked_rabbit":6,"minecraft:gold_block":222,"minecraft:stone_stairs":46,"minecraft:iron_axe":7,"minecraft:item_frame":34,"minecraft:cyan_carpet":3147,"minecraft:dark_prismarine_stairs":162,"minecraft:andesite_stairs":7,"minecraft:oak_boat":2,"minecraft:player_head":4,"minecraft:observer":163,"minecraft:light_gray_wool":173,"minecraft:lectern":284,"minecraft:blue_shulker_box":72,"minecraft:sugar_cane":498,"minecraft:spruce_trapdoor":18,"minecraft:phantom_membrane":711,"minecraft:dark_oak_sapling":127,"minecraft:raw_iron":570,"minecraft:orange_dye":4,"minecraft:music_disc_relic":1,"minecraft:bowl":5,"minecraft:stone_button":4,"minecraft:friend_pottery_sherd":3,"minecraft:iron_horse_armor":1,"minecraft:dark_oak_planks":749,"minecraft:smooth_sandstone_slab":8,"minecraft:howl_pottery_sherd":1,"minecraft:arrow":3110,"minecraft:saddle":5,"minecraft:lime_stained_glass":3,"minecraft:wet_sponge":1173,"minecraft:burn_pottery_sherd":6,"minecraft:glow_ink_sac":14,"minecraft:crimson_stem":79,"minecraft:salmon":129,"minecraft:cut_sandstone":94,"minecraft:carrot_on_a_stick":33,"minecraft:birch_planks":143,"minecraft:nether_wart_block":1,"minecraft:cobblestone_stairs":88,"minecraft:wooden_hoe":2,"minecraft:podzol":2,"minecraft:smooth_sandstone":230,"minecraft:heart_of_the_sea":2,"minecraft:acacia_sapling":142,"minecraft:soul_sand":43,"minecraft:book":15,"minecraft:oak_slab":32,"minecraft:scaffolding":92,"minecraft:red_concrete_powder":8,"minecraft:birch_boat":4,"minecraft:pumpkin":3,"minecraft:chiseled_stone_bricks":61,"minecraft:raw_iron_block":2650,"minecraft:white_bed":52,"minecraft:gold_ore":126,"minecraft:dark_oak_fence_gate":5,"minecraft:green_carpet":3493,"minecraft:spider_eye":359,"minecraft:dried_kelp_block":12,"minecraft:campfire":4,"minecraft:black_wool":136,"minecraft:red_concrete":28,"minecraft:coal":3121},"minecraft:dropped":{"minecraft:iron_sword":1,"minecraft:porkchop":2,"minecraft:respawn_anchor":4,"minecraft:lapis_lazuli":36,"minecraft:glass_bottle":6,"minecraft:diamond":63,"minecraft:crafting_table":2,"minecraft:cooked_porkchop":126,"minecraft:warped_fungus_on_a_stick":2,"minecraft:black_bed":1,"minecraft:cracked_stone_bricks":2,"minecraft:red_mushroom":213,"minecraft:emerald":196,"minecraft:birch_fence":10,"minecraft:netherite_boots":18,"minecraft:writable_book":5,"minecraft:sand":5471,"minecraft:dark_oak_planks":1,"minecraft:fermented_spider_eye":1,"minecraft:fishing_rod":5,"minecraft:white_wool":133,"minecraft:stone_axe":1,"minecraft:compass":3,"minecraft:diamond_block":344,"minecraft:iron_nugget":1,"minecraft:cooked_chicken":2,"minecraft:cobbled_deepslate":52,"minecraft:netherite_sword":17,"minecraft:wheat":6,"minecraft:obsidian":2575,"minecraft:rotten_flesh":900,"minecraft:oak_planks":208,"minecraft:nether_brick_fence":6,"minecraft:azure_bluet":1,"minecraft:sea_lantern":47,"minecraft:coal_ore":11,"minecraft:quartz_block":2,"minecraft:jungle_log":10,"minecraft:leather_boots":3,"minecraft:acacia_sapling":3,"minecraft:leather_leggings":1,"minecraft:brown_candle":1,"minecraft:glass":388,"minecraft:beef":12,"minecraft:stone_brick_stairs":2,"minecraft:acacia_fence":1,"minecraft:golden_boots":3,"minecraft:orange_shulker_box":6,"minecraft:black_dye":7,"minecraft:wheat_seeds":117,"minecraft:creeper_spawn_egg":0,"minecraft:netherite_chestplate":22,"minecraft:prismarine_crystals":7,"minecraft:golden_apple":4,"minecraft:coal_block":28,"minecraft:lava_bucket":42,"minecraft:cobweb":145,"minecraft:ink_sac":10,"minecraft:wooden_axe":0,"minecraft:lapis_ore":3,"minecraft:potion":1,"minecraft:oak_stairs":2,"minecraft:red_dye":4,"minecraft:chipped_anvil":10,"minecraft:smooth_stone":149,"minecraft:chainmail_leggings":1,"minecraft:smooth_sandstone":4,"minecraft:lily_pad":18,"minecraft:acacia_planks":68,"minecraft:netherite_hoe":2,"minecraft:player_head":4,"minecraft:cocoa_beans":9,"minecraft:experience_bottle":234,"minecraft:red_banner":2,"minecraft:white_carpet":97,"minecraft:clay_ball":8,"minecraft:iron_boots":7,"minecraft:name_tag":17,"minecraft:white_terracotta":10,"minecraft:white_shulker_box":8,"minecraft:oak_sign":13,"minecraft:shears":3,"minecraft:diamond_sword":17,"minecraft:spruce_trapdoor":15,"minecraft:spruce_planks":255,"minecraft:diamond_pickaxe":9,"minecraft:pink_shulker_box":1,"minecraft:stone_bricks":79,"minecraft:bamboo":2474,"minecraft:sandstone":2537,"minecraft:bow":139,"minecraft:stripped_spruce_wood":6,"minecraft:magma_block":32,"minecraft:cooked_rabbit":1,"minecraft:nether_brick_stairs":1,"minecraft:blue_shulker_box":4,"minecraft:soul_sand":11,"minecraft:llama_spawn_egg":1,"minecraft:orange_dye":5,"minecraft:oak_log":285,"minecraft:ender_pearl":49,"minecraft:nether_star":13,"minecraft:dark_oak_sapling":7,"minecraft:green_shulker_box":7,"minecraft:leather":92,"minecraft:jungle_planks":11,"minecraft:bedrock":2,"minecraft:carrot_on_a_stick":1,"minecraft:birch_slab":78,"minecraft:cod":69,"minecraft:cobblestone_stairs":1,"minecraft:cracked_polished_blackstone_bricks":1,"minecraft:dark_oak_log":8,"minecraft:mutton":8,"minecraft:snowball":128,"minecraft:black_shulker_box":35,"minecraft:jungle_sign":13,"minecraft:axolotl_bucket":0,"minecraft:black_concrete":42,"minecraft:gold_ingot":460,"minecraft:purple_banner":21,"minecraft:beetroot":2,"minecraft:cyan_shulker_box":9,"minecraft:cooked_mutton":35,"minecraft:acacia_stairs":2,"minecraft:mycelium":41,"minecraft:trident":5,"minecraft:beetroot_seeds":22,"minecraft:iron_ore":7,"minecraft:bread":70,"minecraft:golden_helmet":6,"minecraft:netherite_axe":34,"minecraft:tropical_fish":3,"minecraft:spruce_stairs":26,"minecraft:acacia_log":55,"minecraft:iron_block":325,"minecraft:repeater":61,"minecraft:nether_wart_block":1,"minecraft:melon_slice":22,"minecraft:light_gray_shulker_box":42,"minecraft:yellow_shulker_box":42,"minecraft:iron_door":1,"minecraft:jungle_door":9,"minecraft:crimson_sign":4,"minecraft:stonecutter":1,"minecraft:orange_bed":70,"minecraft:cactus":7,"minecraft:redstone_block":386,"minecraft:polished_diorite":151,"minecraft:blue_terracotta":3,"minecraft:kelp":653,"minecraft:oak_trapdoor":3,"minecraft:dark_prismarine_stairs":1,"minecraft:totem_of_undying":26,"minecraft:shulker_box":99,"minecraft:netherite_leggings":17,"minecraft:flint_and_steel":3,"minecraft:netherite_block":107,"minecraft:andesite":294,"minecraft:golden_leggings":6,"minecraft:oak_sapling":36,"minecraft:end_portal_frame":661,"minecraft:spruce_log":267,"minecraft:wooden_pickaxe":1,"minecraft:nautilus_shell":2,"minecraft:magma_cream":22,"minecraft:piston":4,"minecraft:cooked_beef":172,"minecraft:spore_blossom":0,"minecraft:crossbow":9,"minecraft:saddle":67,"minecraft:elytra":11,"minecraft:leather_helmet":2,"minecraft:item_frame":1,"minecraft:red_shulker_box":20,"minecraft:dirt":6642,"minecraft:yellow_dye":7,"minecraft:jungle_sapling":1,"minecraft:bone_meal":81,"minecraft:sunflower":1,"minecraft:phantom_membrane":136,"minecraft:sugar":571,"minecraft:iron_pickaxe":1,"minecraft:end_crystal":1177,"minecraft:bone":373,"minecraft:green_candle":2,"minecraft:oak_door":26,"minecraft:emerald_block":257,"minecraft:sugar_cane":18,"minecraft:golden_chestplate":5,"minecraft:birch_sapling":11,"minecraft:enchanted_golden_apple":509,"minecraft:netherite_shovel":13,"minecraft:end_stone":9,"minecraft:white_bed":5,"minecraft:salmon":12,"minecraft:eye_armor_trim_smithing_template":2,"minecraft:yellow_stained_glass_pane":1,"minecraft:tipped_arrow":2,"minecraft:hopper":1,"minecraft:ladder":35,"minecraft:crying_obsidian":1,"minecraft:ghast_tear":7,"minecraft:lectern":1,"minecraft:egg":2,"minecraft:enchanted_book":30,"minecraft:crimson_planks":2,"minecraft:iron_ingot":42,"minecraft:netherite_pickaxe":42,"minecraft:copper_block":5,"minecraft:tnt":70,"minecraft:netherite_helmet":17,"minecraft:oak_fence":2,"minecraft:feather":15,"minecraft:cobblestone":5297,"minecraft:apple":7,"minecraft:granite":191,"minecraft:spruce_door":8,"minecraft:chainmail_helmet":2,"minecraft:coal":244,"minecraft:polished_andesite":2,"minecraft:dried_kelp_block":12,"minecraft:golden_carrot":86,"minecraft:sponge":15,"minecraft:wooden_hoe":1,"minecraft:rabbit":2,"minecraft:diamond_helmet":12,"minecraft:dried_kelp":19,"minecraft:paper":64,"minecraft:string":155,"minecraft:spruce_sapling":7,"minecraft:furnace":1,"minecraft:netherite_ingot":1,"minecraft:stone_sword":2,"minecraft:dark_oak_sign":18,"minecraft:deepslate":64,"minecraft:bowl":1,"minecraft:chicken":6,"minecraft:diamond_ore":0,"minecraft:orange_wool":3,"minecraft:nether_bricks":79,"minecraft:potato":19,"minecraft:cobblestone_slab":1,"minecraft:stone":6906,"minecraft:crimson_slab":12,"minecraft:blue_banner":1,"minecraft:yellow_bed":1,"minecraft:spider_eye":73,"minecraft:birch_boat":2,"minecraft:blue_orchid":5,"minecraft:magenta_dye":3,"minecraft:vex_armor_trim_smithing_template":1,"minecraft:black_wool":2,"minecraft:spruce_sign":1,"minecraft:gold_ore":1,"minecraft:crimson_nylium":11,"minecraft:birch_planks":9,"minecraft:dark_oak_stairs":40,"minecraft:diamond_axe":8,"minecraft:baked_potato":2,"minecraft:lime_shulker_box":176,"minecraft:lantern":4,"minecraft:flint":35,"minecraft:zombie_villager_spawn_egg":1,"minecraft:crimson_roots":1,"minecraft:cooked_cod":17,"minecraft:seagrass":64,"minecraft:cut_sandstone":7,"minecraft:polished_blackstone_bricks":1,"minecraft:acacia_door":2,"minecraft:birch_log":85,"minecraft:gravel":298,"minecraft:white_tulip":128,"minecraft:blackstone":545,"minecraft:diamond_shovel":5,"minecraft:prismarine":256,"minecraft:stone_stairs":3,"minecraft:carrot":129,"minecraft:brown_shulker_box":8,"minecraft:chainmail_chestplate":1,"minecraft:sandstone_wall":1,"minecraft:shulker_shell":18,"minecraft:poppy":1,"minecraft:rabbit_hide":1,"minecraft:gunpowder":128,"minecraft:glowstone":3,"minecraft:chest":262,"minecraft:arrow":859,"minecraft:gray_shulker_box":6,"minecraft:basalt":696,"minecraft:prismarine_bricks":139,"minecraft:quartz":7,"minecraft:written_book":8,"minecraft:oak_leaves":1,"minecraft:netherrack":11554,"minecraft:spawner":19,"minecraft:firework_rocket":773,"minecraft:water_bucket":6,"minecraft:oak_slab":12,"minecraft:mossy_cobblestone":2,"minecraft:bookshelf":1,"minecraft:diamond_leggings":19,"minecraft:prismarine_shard":64,"minecraft:lead":11,"minecraft:observer":1,"minecraft:grass_block":3,"minecraft:stick":172,"minecraft:diorite":359,"minecraft:nether_gold_ore":2,"minecraft:light_blue_stained_glass":1,"minecraft:torch":141,"minecraft:map":8,"minecraft:wither_rose":26,"minecraft:iron_axe":3,"minecraft:bucket":3,"minecraft:lapis_block":225,"minecraft:dandelion":5,"minecraft:redstone":88,"minecraft:anvil":10,"minecraft:ender_chest":357,"minecraft:blaze_rod":13,"minecraft:raw_copper":134,"minecraft:tuff":1,"minecraft:wither_skeleton_skull":2,"minecraft:iron_hoe":1,"minecraft:ender_eye":10,"minecraft:filled_map":16,"minecraft:shield":2,"minecraft:diamond_chestplate":11,"minecraft:mossy_stone_bricks":2,"minecraft:golden_sword":2,"minecraft:diamond_boots":31,"minecraft:slime_ball":93,"minecraft:purple_shulker_box":19,"minecraft:stone_pickaxe":3,"minecraft:nether_quartz_ore":23,"minecraft:light_blue_shulker_box":34},"minecraft:crafted":{"minecraft:black_dye":37,"minecraft:yellow_wool":12,"minecraft:chainmail_helmet":12,"minecraft:oak_sign":63,"minecraft:birch_boat":5,"minecraft:blaze_powder":22,"minecraft:diamond_shovel":5,"minecraft:gray_wool":2,"minecraft:shulker_box":1702,"minecraft:diamond_helmet":4,"minecraft:beacon":16,"minecraft:stone_pressure_plate":107,"minecraft:iron_door":6,"minecraft:black_wool":11,"minecraft:white_shulker_box":29,"minecraft:redstone_lamp":1,"minecraft:acacia_slab":6,"minecraft:raw_gold_block":2,"minecraft:smithing_table":4,"minecraft:brown_bed":1,"minecraft:cartography_table":2,"minecraft:wooden_hoe":1,"minecraft:stone_slab":6,"minecraft:iron_pickaxe":9,"minecraft:sandstone":64,"minecraft:netherite_ingot":91,"minecraft:cyan_wool":2,"minecraft:jungle_sign":12,"minecraft:bamboo_pressure_plate":2,"minecraft:jukebox":3,"minecraft:orange_shulker_box":9,"minecraft:iron_nugget":567,"minecraft:diamond_hoe":4,"minecraft:acacia_fence_gate":4,"minecraft:red_banner":1,"minecraft:light_gray_wool":2,"minecraft:blue_shulker_box":5,"minecraft:spruce_fence":72,"minecraft:brain_coral_block":1,"minecraft:terracotta":62,"minecraft:lantern":70,"minecraft:spruce_stairs":28,"minecraft:light_gray_shulker_box":47,"minecraft:polished_diorite":400,"minecraft:black_concrete_powder":8,"minecraft:red_shulker_box":11,"minecraft:stone_pickaxe":10,"minecraft:spruce_boat":2,"minecraft:chainmail_leggings":14,"minecraft:enchanting_table":2,"minecraft:crimson_slab":12,"minecraft:acacia_trapdoor":26,"minecraft:light_blue_wool":2,"minecraft:red_carpet":3,"minecraft:enchanted_book":17,"minecraft:orange_dye":17,"minecraft:light_blue_carpet":3,"minecraft:warped_fungus_on_a_stick":1,"minecraft:fermented_spider_eye":2,"minecraft:writable_book":4,"minecraft:iron_shovel":2,"minecraft:armor_stand":11,"minecraft:note_block":4,"minecraft:grindstone":1,"minecraft:cobblestone_slab":66,"minecraft:barrel":350,"minecraft:acacia_pressure_plate":1,"minecraft:stone":1249,"minecraft:bamboo_door":3,"minecraft:warped_planks":56,"minecraft:stone_brick_slab":6,"minecraft:brown_stained_glass":8,"minecraft:bow":5,"minecraft:chest":388,"minecraft:copper_block":3,"minecraft:rail":16,"minecraft:ender_eye":18,"minecraft:oak_fence":36,"minecraft:stone_bricks":3940,"minecraft:golden_boots":1,"minecraft:dropper":1,"minecraft:arrow":4,"minecraft:iron_helmet":2,"minecraft:brown_dye":9,"minecraft:brush":3,"minecraft:red_wool":8,"minecraft:tnt":1,"minecraft:spruce_trapdoor":10,"minecraft:purple_dye":12,"minecraft:yellow_dye":34,"minecraft:netherite_block":2,"minecraft:stick":2664,"minecraft:iron_ingot":904,"minecraft:light_blue_shulker_box":12,"minecraft:black_bed":3,"minecraft:light_blue_stained_glass":128,"minecraft:cyan_carpet":3,"minecraft:dark_oak_fence_gate":78,"minecraft:blue_terracotta":8,"minecraft:oak_door":21,"minecraft:fishing_rod":22,"minecraft:netherite_sword":4,"minecraft:leather_boots":5,"minecraft:bamboo_mosaic":29,"minecraft:blast_furnace":5,"minecraft:furnace":48,"minecraft:raw_copper_block":2,"minecraft:oak_trapdoor":2,"minecraft:flint_and_steel":3,"minecraft:scaffolding":6,"minecraft:netherite_chestplate":1,"minecraft:white_concrete_powder":8,"minecraft:brown_shulker_box":2,"minecraft:bamboo_mosaic_slab":6,"minecraft:iron_trapdoor":4,"minecraft:purple_shulker_box":4,"minecraft:iron_sword":3,"minecraft:cooked_salmon":13,"minecraft:jungle_planks":1152,"minecraft:jungle_door":9,"minecraft:white_dye":74,"minecraft:recovery_compass":1,"minecraft:brown_concrete_powder":24,"minecraft:netherite_shovel":2,"minecraft:black_carpet":6,"minecraft:blue_wool":12,"minecraft:stonecutter":7,"minecraft:anvil":7,"minecraft:orange_bed":1,"minecraft:torch":2076,"minecraft:bamboo_trapdoor":2,"minecraft:diamond_chestplate":5,"minecraft:ender_chest":2,"minecraft:smooth_stone":277,"minecraft:cut_sandstone":36,"minecraft:dark_oak_pressure_plate":3,"minecraft:dark_oak_wood":48,"minecraft:oak_pressure_plate":3,"minecraft:loom":2,"minecraft:lever":2,"minecraft:bookshelf":7,"minecraft:iron_bars":16,"minecraft:glass":317,"minecraft:light_blue_terracotta":8,"minecraft:diamond_leggings":3,"minecraft:netherite_boots":2,"minecraft:melon_seeds":9,"minecraft:acacia_fence":72,"minecraft:gray_bed":1,"minecraft:glass_bottle":33,"minecraft:wooden_shovel":1,"minecraft:emerald":996,"minecraft:cooked_porkchop":11,"minecraft:diamond_axe":4,"minecraft:spruce_door":9,"minecraft:copper_ingot":36,"minecraft:purple_banner":1,"minecraft:oak_wood":54,"minecraft:campfire":1,"minecraft:lime_shulker_box":12,"minecraft:bamboo_planks":148,"minecraft:green_terracotta":8,"minecraft:compass":43,"minecraft:iron_block":34,"minecraft:white_terracotta":8,"minecraft:gold_ingot":320,"minecraft:light_gray_dye":19,"minecraft:spruce_fence_gate":1,"minecraft:stone_shovel":1,"minecraft:smooth_stone_slab":60,"minecraft:yellow_bed":2,"minecraft:bamboo_mosaic_stairs":4,"minecraft:bone_meal":1917,"minecraft:white_carpet":105,"minecraft:orange_wool":15,"minecraft:bamboo_stairs":4,"minecraft:diamond":198,"minecraft:netherite_axe":1,"minecraft:dark_oak_fence":3,"minecraft:ladder":378,"minecraft:spruce_slab":1302,"minecraft:blue_banner":2,"minecraft:diamond_boots":6,"minecraft:spruce_sapling":1,"minecraft:redstone_block":41,"minecraft:dark_oak_planks":7028,"minecraft:wheat":9,"minecraft:coal_block":28,"minecraft:netherite_pickaxe":5,"minecraft:skull_banner_pattern":1,"minecraft:dried_kelp":68,"minecraft:polished_granite":64,"minecraft:conduit":1,"minecraft:bamboo_slab":60,"minecraft:golden_apple":1,"minecraft:acacia_sign":6,"minecraft:gray_shulker_box":15,"minecraft:cyan_shulker_box":5,"minecraft:oak_stairs":184,"minecraft:wooden_axe":1,"minecraft:iron_leggings":1,"minecraft:white_bed":15,"minecraft:oak_planks":8104,"minecraft:dark_oak_boat":1,"minecraft:flower_banner_pattern":1,"minecraft:green_dye":10,"minecraft:bamboo_block":78,"minecraft:dark_oak_door":3,"minecraft:hopper":1,"minecraft:iron_boots":10,"minecraft:raw_copper":36,"minecraft:written_book":1,"minecraft:stone_hoe":1,"minecraft:raw_iron_block":2,"minecraft:smoker":1,"minecraft:oak_slab":636,"minecraft:item_frame":8,"minecraft:acacia_wood":93,"minecraft:map":43,"minecraft:crafting_table":69,"minecraft:spruce_planks":8052,"minecraft:wooden_pickaxe":4,"minecraft:gold_block":67,"minecraft:brewing_stand":1,"minecraft:birch_planks":616,"minecraft:black_shulker_box":8,"minecraft:emerald_block":11,"minecraft:dark_oak_slab":636,"minecraft:iron_chestplate":1,"minecraft:book":21,"minecraft:paper":348,"minecraft:diamond_pickaxe":6,"minecraft:charcoal":32,"minecraft:shield":9,"minecraft:light_blue_dye":34,"minecraft:netherite_hoe":1,"minecraft:snow_block":16,"minecraft:green_shulker_box":3,"minecraft:gray_carpet":1539,"minecraft:light_gray_carpet":3,"minecraft:sponge":199,"minecraft:shears":35,"minecraft:green_carpet":3,"minecraft:trident":1,"minecraft:polished_andesite":120,"minecraft:coarse_dirt":60,"minecraft:purple_wool":6,"minecraft:redstone":1125,"minecraft:coal":549,"minecraft:stone_button":63,"minecraft:bamboo_button":2,"minecraft:dark_oak_trapdoor":38,"minecraft:gray_dye":10,"minecraft:dark_oak_sign":27,"minecraft:end_stone_bricks":708,"minecraft:diamond_block":3,"minecraft:glass_pane":208,"minecraft:netherite_leggings":2,"minecraft:yellow_shulker_box":22,"minecraft:black_terracotta":24,"minecraft:spruce_wood":48,"minecraft:iron_axe":3,"minecraft:slime_ball":2421,"minecraft:iron_hoe":2,"minecraft:lime_dye":2,"minecraft:filled_map":3,"minecraft:netherite_scrap":222,"minecraft:minecart":5,"minecraft:cooked_beef":67,"minecraft:red_dye":31,"minecraft:cooked_cod":24,"minecraft:bone_block":19,"minecraft:crimson_planks":44,"minecraft:diamond_sword":5,"minecraft:cyan_dye":6,"minecraft:spruce_sign":39,"minecraft:dark_oak_stairs":1724,"minecraft:powered_rail":6,"minecraft:bucket":23,"minecraft:stone_axe":5,"minecraft:lodestone":1,"minecraft:air":0,"minecraft:bread":27,"minecraft:blue_dye":54,"minecraft:oak_boat":3,"minecraft:white_wool":3,"minecraft:brown_wool":3,"minecraft:green_wool":2,"minecraft:acacia_planks":560,"minecraft:end_crystal":1,"minecraft:lapis_block":4,"minecraft:lapis_lazuli":180,"minecraft:clay":63,"minecraft:carrot_on_a_stick":1,"minecraft:firework_rocket":231},"minecraft:broken":{"minecraft:shears":6,"minecraft:fishing_rod":8,"minecraft:netherite_helmet":9,"minecraft:wooden_pickaxe":1,"minecraft:iron_pickaxe":7,"minecraft:netherite_boots":8,"minecraft:netherite_pickaxe":14,"minecraft:stone_pickaxe":5,"minecraft:netherite_shovel":2,"minecraft:netherite_chestplate":5,"minecraft:netherite_leggings":5,"minecraft:golden_helmet":1}},"DataVersion":4189}